Ticket Id,Status (Ticket),Ticket Closed Time,First Response Time
6565.0,Closed,18-05-2021 20:37,15-05-2021 14:46
6685.0,Closed,16-05-2021 19:19,16-05-2021 16:59
6699.0,Closed,16-05-2021 21:24,16-05-2021 16:30
6738.0,Deleted,16-05-2021 20:06,
6739.0,Closed,18-05-2021 21:52,16-05-2021 21:17
6835.0,Closed,18-05-2021 18:57,18-05-2021 18:20
6828.0,Closed,18-05-2021 18:54,18-05-2021 18:19
6888.0,Closed,20-05-2021 11:27,18-05-2021 19:13
6899.0,Closed,19-05-2021 11:10,18-05-2021 19:15
6906.0,Closed,18-05-2021 23:39,18-05-2021 19:24
6907.0,Closed,18-05-2021 23:39,
6937.0,Closed,18-05-2021 23:43,18-05-2021 21:25
6998.0,Closed,19-05-2021 17:27,19-05-2021 12:32
7007.0,Deleted,19-05-2021 13:37,
7009.0,Closed,20-05-2021 12:38,19-05-2021 14:13
7066.0,Deleted,19-05-2021 22:10,
7067.0,Closed,19-05-2021 22:44,19-05-2021 22:36
7079.0,Closed,20-05-2021 21:30,20-05-2021 10:09
7092.0,Closed,20-05-2021 13:14,20-05-2021 11:49
7109.0,Closed,20-05-2021 14:47,20-05-2021 14:15
7115.0,Closed,21-05-2021 21:46,20-05-2021 14:27
7131.0,Closed,20-05-2021 19:49,20-05-2021 17:03
7177.0,Deleted,20-05-2021 23:57,
6400.0,Closed,14-05-2021 11:18,14-05-2021 08:32
6417.0,Closed,14-05-2021 19:05,14-05-2021 19:05
6677.0,Closed,17-05-2021 22:35,18-05-2021 19:12
6686.0,Closed,18-05-2021 19:13,17-05-2021 00:13
6690.0,Closed,18-05-2021 17:06,18-05-2021 19:24
6723.0,Resolved,16-05-2021 21:32,16-05-2021 19:40
6837.0,Closed,19-05-2021 12:28,18-05-2021 18:19
6850.0,Closed,18-05-2021 22:25,18-05-2021 20:14
6865.0,Duplicate,18-05-2021 22:48,
6896.0,Closed,19-05-2021 12:27,19-05-2021 12:28
6933.0,Closed,18-05-2021 23:43,18-05-2021 20:56
6957.0,Deleted,19-05-2021 11:16,
6958.0,Deleted,19-05-2021 11:16,
7005.0,Closed,19-05-2021 23:05,19-05-2021 22:36
7020.0,Closed,19-05-2021 18:03,19-05-2021 18:03
7024.0,Deleted,19-05-2021 17:49,
7037.0,Closed,19-05-2021 18:02,19-05-2021 18:02
7150.0,Waiting for user response,-,20-05-2021 20:09
6402.0,Closed,14-05-2021 19:04,14-05-2021 14:45
6404.0,Deleted,14-05-2021 01:13,
6405.0,Closed,18-05-2021 19:15,14-05-2021 14:15
6407.0,Closed,16-05-2021 12:10,14-05-2021 21:26
6410.0,Deleted,14-05-2021 02:05,
6412.0,Closed,14-05-2021 19:05,14-05-2021 19:05
6422.0,Closed,17-05-2021 19:33,14-05-2021 12:14
6426.0,Closed,16-05-2021 12:44,14-05-2021 20:40
6428.0,Closed,14-05-2021 21:14,14-05-2021 15:06
6448.0,Closed,16-05-2021 12:41,14-05-2021 21:10
6464.0,Closed,16-05-2021 12:40,14-05-2021 20:38
6479.0,Closed,16-05-2021 12:38,14-05-2021 20:28
6501.0,Closed,16-05-2021 12:44,14-05-2021 20:31
6509.0,Closed,17-05-2021 11:48,14-05-2021 22:00
6510.0,Duplicate,17-05-2021 11:48,14-05-2021 23:08
6525.0,Closed,21-05-2021 17:53,15-05-2021 11:38
6526.0,Duplicate,15-05-2021 14:31,
6537.0,Deleted,15-05-2021 08:17,
6541.0,Closed,16-05-2021 12:48,15-05-2021 11:46
6542.0,Deleted,15-05-2021 09:20,
6543.0,Closed,15-05-2021 14:17,15-05-2021 14:17
6548.0,Closed,18-05-2021 19:15,15-05-2021 12:28
6549.0,Closed,17-05-2021 11:50,15-05-2021 12:27
6558.0,Closed,16-05-2021 12:32,15-05-2021 14:12
6559.0,Closed,16-05-2021 12:32,16-05-2021 12:08
6615.0,Closed,16-05-2021 12:31,16-05-2021 12:09
6624.0,Closed,18-05-2021 19:14,18-05-2021 19:13
6627.0,Waiting for mentor response,-,16-05-2021 22:30
6629.0,Closed,18-05-2021 18:47,16-05-2021 12:08
6631.0,Closed,17-05-2021 11:54,16-05-2021 12:09
6635.0,Closed,16-05-2021 15:37,16-05-2021 15:13
6633.0,Closed,20-05-2021 11:24,16-05-2021 20:20
6632.0,Deleted,16-05-2021 16:56,
6641.0,Closed,16-05-2021 19:25,16-05-2021 12:10
6651.0,Deleted,16-05-2021 12:23,
6665.0,Closed,16-05-2021 21:40,16-05-2021 19:24
6709.0,Closed,17-05-2021 12:06,17-05-2021 12:06
6727.0,Duplicate,16-05-2021 20:26,
6737.0,Closed,19-05-2021 17:12,16-05-2021 20:16
6743.0,Closed,18-05-2021 19:12,16-05-2021 21:31
6745.0,Closed,18-05-2021 17:16,18-05-2021 19:24
6747.0,Closed,18-05-2021 21:53,16-05-2021 21:12
6757.0,Closed,17-05-2021 12:10,17-05-2021 07:55
6760.0,Closed,18-05-2021 20:16,18-05-2021 19:24
6770.0,Deleted,17-05-2021 09:16,
6771.0,Closed,18-05-2021 19:08,18-05-2021 18:20
6773.0,Resolved,18-05-2021 22:17,18-05-2021 22:08
6780.0,Deleted,17-05-2021 12:08,
6787.0,Closed,18-05-2021 11:34,18-05-2021 18:20
6790.0,Closed,20-05-2021 11:25,18-05-2021 18:20
6824.0,Duplicate,19-05-2021 21:54,
6830.0,Closed,18-05-2021 19:04,18-05-2021 19:11
6849.0,Deleted,18-05-2021 18:20,
6851.0,Closed,18-05-2021 20:33,18-05-2021 19:12
6861.0,Resolved,18-05-2021 22:08,18-05-2021 19:13
6860.0,Closed,18-05-2021 23:33,18-05-2021 23:33
6873.0,Closed,18-05-2021 23:35,18-05-2021 23:35
6868.0,Closed,19-05-2021 11:04,19-05-2021 01:39
6877.0,Closed,19-05-2021 11:05,18-05-2021 19:24
6900.0,Closed,19-05-2021 11:10,19-05-2021 05:30
6903.0,Closed,18-05-2021 21:04,18-05-2021 19:24
6904.0,Closed,21-05-2021 20:19,19-05-2021 19:11
6905.0,Closed,20-05-2021 15:16,19-05-2021 17:16
6913.0,Closed,19-05-2021 11:12,18-05-2021 20:56
6918.0,Closed,19-05-2021 10:12,18-05-2021 19:25
6919.0,Resolved,18-05-2021 21:58,18-05-2021 21:16
6914.0,Closed,20-05-2021 11:31,18-05-2021 19:24
6925.0,Closed,18-05-2021 20:33,18-05-2021 20:33
6923.0,Closed,20-05-2021 11:31,19-05-2021 01:26
6930.0,Closed,19-05-2021 11:14,18-05-2021 20:46
6950.0,Closed,20-05-2021 21:34,18-05-2021 23:25
6956.0,Closed,20-05-2021 11:32,19-05-2021 22:05
6968.0,Closed,19-05-2021 21:04,19-05-2021 18:18
6982.0,Re-opened,-,19-05-2021 21:11
6985.0,Closed,20-05-2021 11:33,19-05-2021 22:08
6999.0,Deleted,19-05-2021 13:33,
7000.0,Closed,19-05-2021 23:05,19-05-2021 18:50
7004.0,Closed,19-05-2021 23:05,19-05-2021 14:04
7023.0,Closed,20-05-2021 13:30,19-05-2021 23:10
7041.0,Deleted,19-05-2021 20:52,
7047.0,Deleted,19-05-2021 19:44,
7060.0,Closed,19-05-2021 22:18,19-05-2021 21:05
7091.0,Closed,20-05-2021 13:08,20-05-2021 13:08
7094.0,Closed,21-05-2021 10:17,20-05-2021 15:26
7103.0,Closed,20-05-2021 13:07,20-05-2021 13:07
7137.0,Closed,21-05-2021 17:54,20-05-2021 20:43
7144.0,Closed,20-05-2021 21:44,20-05-2021 19:17
7154.0,Closed,20-05-2021 21:33,20-05-2021 20:14
6411.0,Closed,17-05-2021 22:19,14-05-2021 11:54
6415.0,Duplicate,14-05-2021 11:23,
6419.0,Closed,16-05-2021 12:13,14-05-2021 11:47
6435.0,Closed,17-05-2021 11:40,14-05-2021 15:04
6441.0,Closed,16-05-2021 21:20,14-05-2021 15:42
6443.0,Closed,14-05-2021 20:45,14-05-2021 15:20
6447.0,Closed,17-05-2021 11:40,14-05-2021 14:41
6451.0,Closed,17-05-2021 11:40,14-05-2021 15:13
6455.0,Deleted,14-05-2021 15:17,
6466.0,Closed,17-05-2021 11:42,14-05-2021 16:55
6467.0,Closed,16-05-2021 12:40,14-05-2021 20:37
6468.0,Duplicate,17-05-2021 11:44,
6469.0,Deleted,14-05-2021 17:14,
6470.0,Duplicate,17-05-2021 11:43,
6485.0,Deleted,14-05-2021 20:03,
6490.0,Closed,17-05-2021 11:46,14-05-2021 20:42
6500.0,Closed,17-05-2021 11:47,14-05-2021 20:11
6505.0,Closed,19-05-2021 10:54,14-05-2021 20:44
6506.0,Duplicate,17-05-2021 22:19,
6508.0,Closed,18-05-2021 22:11,14-05-2021 22:35
6527.0,Deleted,14-05-2021 23:09,
6529.0,Closed,16-05-2021 21:21,16-05-2021 21:21
6534.0,Deleted,15-05-2021 07:21,
6535.0,Duplicate,16-05-2021 21:25,
6536.0,Closed,17-05-2021 22:20,15-05-2021 14:18
6545.0,Closed,17-05-2021 11:49,15-05-2021 10:36
6550.0,Closed,16-05-2021 21:22,16-05-2021 12:07
6567.0,Deleted,15-05-2021 14:43,
6577.0,Closed,17-05-2021 22:23,15-05-2021 15:47
6617.0,Closed,18-05-2021 11:13,16-05-2021 12:10
6622.0,Closed,17-05-2021 11:52,16-05-2021 12:08
6620.0,Closed,17-05-2021 11:52,16-05-2021 12:11
6628.0,Closed,16-05-2021 12:51,16-05-2021 12:09
6630.0,Closed,17-05-2021 11:54,16-05-2021 12:10
6634.0,Closed,17-05-2021 11:54,16-05-2021 12:09
6639.0,Closed,17-05-2021 11:55,16-05-2021 12:10
6643.0,Closed,17-05-2021 11:57,16-05-2021 12:11
6642.0,Closed,20-05-2021 11:24,16-05-2021 12:11
6647.0,Closed,17-05-2021 11:57,17-05-2021 11:57
6652.0,Closed,16-05-2021 21:25,16-05-2021 12:11
6662.0,Closed,16-05-2021 21:41,16-05-2021 17:02
6663.0,Closed,17-05-2021 12:00,16-05-2021 12:12
6667.0,Closed,16-05-2021 21:25,16-05-2021 13:07
6670.0,Closed,17-05-2021 22:35,16-05-2021 14:02
6671.0,Closed,17-05-2021 12:01,16-05-2021 17:51
6675.0,Closed,17-05-2021 22:35,16-05-2021 14:00
6679.0,Deleted,16-05-2021 15:25,
6684.0,Closed,17-05-2021 12:03,16-05-2021 15:22
6698.0,Closed,16-05-2021 21:37,16-05-2021 17:01
6700.0,Closed,16-05-2021 21:27,16-05-2021 16:32
6704.0,Closed,16-05-2021 19:18,16-05-2021 19:18
6710.0,Closed,18-05-2021 23:28,16-05-2021 21:09
6711.0,Closed,16-05-2021 21:36,16-05-2021 18:44
6716.0,Closed,16-05-2021 21:34,16-05-2021 18:47
6715.0,Closed,16-05-2021 21:27,16-05-2021 18:47
6717.0,Closed,16-05-2021 21:34,16-05-2021 21:34
6718.0,Closed,16-05-2021 21:33,16-05-2021 21:33
6719.0,Closed,16-05-2021 21:15,16-05-2021 21:15
6720.0,Closed,16-05-2021 21:18,16-05-2021 19:20
6724.0,Closed,17-05-2021 19:33,18-05-2021 18:19
6729.0,Duplicate,16-05-2021 21:17,16-05-2021 21:17
6741.0,Closed,17-05-2021 22:33,16-05-2021 20:17
6742.0,Closed,17-05-2021 12:08,17-05-2021 12:08
6744.0,Closed,16-05-2021 21:16,16-05-2021 20:34
6748.0,Closed,21-05-2021 17:44,18-05-2021 18:16
6754.0,Closed,18-05-2021 15:17,18-05-2021 18:17
6759.0,Closed,18-05-2021 19:12,18-05-2021 18:16
6775.0,Duplicate,18-05-2021 18:50,18-05-2021 19:25
6781.0,Closed,18-05-2021 11:32,18-05-2021 18:16
6788.0,Closed,18-05-2021 18:46,17-05-2021 12:43
6826.0,Closed,18-05-2021 18:54,18-05-2021 18:16
6841.0,Closed,18-05-2021 18:47,18-05-2021 18:18
6847.0,Closed,18-05-2021 20:26,18-05-2021 18:20
6848.0,Closed,20-05-2021 21:37,18-05-2021 20:22
6852.0,Resolved,18-05-2021 22:09,18-05-2021 18:21
6859.0,Closed,20-05-2021 19:59,18-05-2021 19:11
6862.0,Closed,18-05-2021 20:56,18-05-2021 19:12
6871.0,Closed,19-05-2021 11:04,18-05-2021 19:13
6876.0,Closed,20-05-2021 11:27,18-05-2021 19:13
6864.0,Closed,18-05-2021 23:33,18-05-2021 19:14
6879.0,Closed,18-05-2021 22:43,18-05-2021 19:14
6893.0,Resolved,18-05-2021 22:28,18-05-2021 19:14
6894.0,Closed,21-05-2021 13:52,18-05-2021 19:14
6912.0,Closed,20-05-2021 11:31,18-05-2021 19:24
6910.0,Closed,19-05-2021 21:52,19-05-2021 21:08
6916.0,Closed,18-05-2021 23:42,18-05-2021 19:25
6920.0,Closed,18-05-2021 20:34,18-05-2021 19:25
6924.0,Closed,19-05-2021 11:13,19-05-2021 11:13
6928.0,Closed,18-05-2021 20:27,18-05-2021 20:06
6936.0,Closed,19-05-2021 11:15,18-05-2021 21:24
6939.0,Closed,18-05-2021 23:43,18-05-2021 21:52
6942.0,Deleted,18-05-2021 22:16,
6943.0,Closed,19-05-2021 11:15,18-05-2021 22:25
6947.0,Resolved,18-05-2021 23:22,18-05-2021 22:41
6948.0,Closed,18-05-2021 23:23,18-05-2021 23:23
6965.0,Closed,19-05-2021 23:03,19-05-2021 08:43
6971.0,Closed,19-05-2021 17:24,19-05-2021 08:09
6972.0,Closed,19-05-2021 17:24,19-05-2021 11:20
6977.0,Closed,19-05-2021 17:25,19-05-2021 11:22
6978.0,Closed,20-05-2021 20:57,19-05-2021 10:27
6980.0,Closed,19-05-2021 17:26,19-05-2021 11:46
6994.0,Deleted,19-05-2021 12:17,
6995.0,Closed,19-05-2021 23:05,19-05-2021 19:40
6996.0,Closed,19-05-2021 23:05,19-05-2021 14:16
6997.0,Closed,19-05-2021 17:27,19-05-2021 12:52
7006.0,Closed,19-05-2021 22:12,19-05-2021 14:18
7008.0,Deleted,19-05-2021 22:13,
7017.0,Duplicate,19-05-2021 22:14,
7030.0,Closed,19-05-2021 20:39,19-05-2021 20:36
7032.0,Closed,19-05-2021 17:30,19-05-2021 17:20
7036.0,Deleted,19-05-2021 22:15,
7038.0,Deleted,19-05-2021 18:07,
7044.0,Duplicate,19-05-2021 22:15,
7051.0,Closed,21-05-2021 11:54,19-05-2021 20:11
7052.0,Closed,20-05-2021 13:19,20-05-2021 13:09
7068.0,Deleted,19-05-2021 22:19,
7069.0,Closed,20-05-2021 11:52,19-05-2021 22:43
7073.0,Duplicate,20-05-2021 13:19,20-05-2021 11:49
7095.0,Duplicate,20-05-2021 12:32,20-05-2021 14:25
7096.0,Closed,21-05-2021 16:57,20-05-2021 11:52
7121.0,Closed,21-05-2021 17:54,20-05-2021 15:29
7122.0,Duplicate,20-05-2021 15:29,
7128.0,Closed,20-05-2021 15:30,20-05-2021 15:19
7129.0,Deleted,20-05-2021 15:27,
7136.0,Closed,20-05-2021 17:40,20-05-2021 17:05
7149.0,Waiting for mentor response,-,20-05-2021 20:09
7163.0,Closed,22-05-2021 09:11,20-05-2021 21:49
7164.0,Duplicate,20-05-2021 22:46,
7165.0,Duplicate,21-05-2021 22:35,20-05-2021 22:41
7173.0,Deleted,20-05-2021 23:26,
7175.0,Deleted,20-05-2021 23:30,
6423.0,Closed,14-05-2021 20:39,14-05-2021 12:21
6489.0,Closed,17-05-2021 22:19,16-05-2021 12:08
6568.0,Deleted,15-05-2021 15:04,
6575.0,Closed,18-05-2021 19:14,18-05-2021 19:11
6688.0,Closed,17-05-2021 22:34,17-05-2021 00:13
6691.0,Closed,18-05-2021 11:24,18-05-2021 19:13
6755.0,Closed,18-05-2021 22:54,16-05-2021 23:28
6774.0,Resolved,18-05-2021 22:00,17-05-2021 11:19
6777.0,Duplicate,18-05-2021 21:52,18-05-2021 18:19
6782.0,Duplicate,18-05-2021 19:06,
6783.0,Closed,18-05-2021 21:00,18-05-2021 18:19
6784.0,Duplicate,18-05-2021 11:33,
6785.0,Duplicate,18-05-2021 11:33,18-05-2021 18:19
6789.0,Closed,17-05-2021 19:32,17-05-2021 12:44
6832.0,Closed,20-05-2021 14:47,18-05-2021 19:25
6839.0,Closed,18-05-2021 18:47,18-05-2021 18:18
6875.0,Closed,18-05-2021 23:35,18-05-2021 19:14
6945.0,Closed,20-05-2021 11:32,19-05-2021 19:07
6976.0,Closed,19-05-2021 23:04,19-05-2021 12:10
7001.0,Closed,19-05-2021 17:27,19-05-2021 14:19
7003.0,Duplicate,19-05-2021 17:28,19-05-2021 14:16
7012.0,Closed,19-05-2021 19:30,19-05-2021 14:32
7013.0,Duplicate,19-05-2021 17:29,19-05-2021 14:52
7074.0,Closed,20-05-2021 12:34,20-05-2021 11:50
7076.0,Closed,20-05-2021 13:16,20-05-2021 10:00
7085.0,Closed,21-05-2021 13:50,20-05-2021 15:09
7116.0,Closed,21-05-2021 17:42,20-05-2021 15:01
7125.0,Duplicate,20-05-2021 15:11,
7169.0,Waiting for user response,-,20-05-2021 23:00
7172.0,Waiting for user response,-,21-05-2021 11:19
6403.0,Closed,14-05-2021 19:04,14-05-2021 08:51
6413.0,Closed,14-05-2021 20:38,14-05-2021 19:05
6420.0,Closed,16-05-2021 00:09,14-05-2021 18:14
6425.0,Closed,17-05-2021 11:40,14-05-2021 15:06
6429.0,Closed,16-05-2021 12:43,14-05-2021 20:44
6432.0,Closed,16-05-2021 12:43,14-05-2021 20:46
6434.0,Duplicate,14-05-2021 20:47,
6461.0,Closed,14-05-2021 21:10,14-05-2021 16:33
6475.0,Closed,17-05-2021 11:44,14-05-2021 18:13
6478.0,Closed,16-05-2021 20:38,14-05-2021 21:01
6487.0,Closed,17-05-2021 11:44,14-05-2021 20:08
6502.0,Closed,14-05-2021 21:26,14-05-2021 20:29
6503.0,Closed,14-05-2021 21:06,14-05-2021 20:34
6518.0,Duplicate,14-05-2021 21:55,
6519.0,Closed,16-05-2021 12:37,14-05-2021 21:55
6530.0,Closed,16-05-2021 17:00,15-05-2021 14:27
6532.0,Closed,16-05-2021 21:08,15-05-2021 14:23
6533.0,Closed,16-05-2021 12:48,15-05-2021 11:59
6547.0,Closed,16-05-2021 12:48,16-05-2021 12:39
6553.0,Closed,17-05-2021 11:50,16-05-2021 12:07
6554.0,Deleted,15-05-2021 12:42,
6556.0,Closed,16-05-2021 12:32,15-05-2021 12:32
6561.0,Deleted,15-05-2021 13:52,
6623.0,Closed,18-05-2021 19:14,16-05-2021 14:59
6621.0,Closed,17-05-2021 11:52,16-05-2021 12:27
6636.0,Closed,17-05-2021 19:33,16-05-2021 12:09
6637.0,Closed,18-05-2021 22:08,18-05-2021 22:08
6646.0,Closed,18-05-2021 20:12,16-05-2021 12:10
6649.0,Closed,18-05-2021 23:27,18-05-2021 19:13
6661.0,Duplicate,16-05-2021 14:18,16-05-2021 14:18
6656.0,Closed,16-05-2021 21:42,16-05-2021 17:03
6653.0,Closed,16-05-2021 21:42,16-05-2021 12:11
6664.0,Closed,16-05-2021 21:40,16-05-2021 12:20
6666.0,Closed,16-05-2021 21:39,16-05-2021 15:01
6669.0,Closed,19-05-2021 10:12,18-05-2021 19:15
6672.0,Closed,17-05-2021 12:01,16-05-2021 18:53
6673.0,Closed,18-05-2021 19:13,16-05-2021 18:24
6680.0,Closed,16-05-2021 15:38,16-05-2021 15:06
6682.0,Closed,18-05-2021 19:13,16-05-2021 15:02
6683.0,Closed,16-05-2021 19:21,16-05-2021 18:38
6701.0,Closed,16-05-2021 16:59,16-05-2021 16:59
6702.0,Closed,16-05-2021 17:59,16-05-2021 17:18
6706.0,Deleted,16-05-2021 18:21,
6708.0,Closed,16-05-2021 19:17,16-05-2021 19:17
6713.0,Closed,16-05-2021 21:36,16-05-2021 19:25
6732.0,Deleted,16-05-2021 19:54,
6734.0,Deleted,16-05-2021 19:54,
6736.0,Closed,17-05-2021 12:07,16-05-2021 21:22
6750.0,Closed,18-05-2021 19:12,18-05-2021 19:13
6751.0,Closed,18-05-2021 11:27,18-05-2021 19:13
6752.0,Closed,18-05-2021 11:27,18-05-2021 19:13
6756.0,Closed,19-05-2021 10:57,18-05-2021 18:20
6761.0,Closed,18-05-2021 19:12,18-05-2021 18:19
6764.0,Closed,18-05-2021 15:09,18-05-2021 19:15
6766.0,Duplicate,19-05-2021 21:55,18-05-2021 18:20
6767.0,Closed,18-05-2021 23:29,18-05-2021 18:17
6825.0,Closed,18-05-2021 18:54,18-05-2021 19:25
6831.0,Closed,20-05-2021 21:34,18-05-2021 18:20
6833.0,Closed,19-05-2021 21:06,18-05-2021 18:20
6838.0,Closed,18-05-2021 18:22,18-05-2021 19:11
6836.0,Resolved,18-05-2021 22:09,18-05-2021 19:25
6842.0,Closed,18-05-2021 18:51,18-05-2021 18:19
6846.0,Closed,18-05-2021 18:58,18-05-2021 18:19
6853.0,Closed,18-05-2021 18:28,18-05-2021 19:25
6855.0,Closed,18-05-2021 23:32,18-05-2021 19:25
6863.0,Closed,19-05-2021 11:03,19-05-2021 11:03
6874.0,Closed,18-05-2021 20:36,18-05-2021 20:36
6869.0,Closed,19-05-2021 11:04,18-05-2021 23:34
6891.0,Closed,19-05-2021 17:13,18-05-2021 23:37
6895.0,Closed,18-05-2021 23:37,18-05-2021 19:14
6889.0,Closed,20-05-2021 15:13,18-05-2021 19:24
6901.0,Closed,18-05-2021 20:44,18-05-2021 20:43
6908.0,Closed,19-05-2021 22:01,18-05-2021 19:23
6915.0,Closed,19-05-2021 11:13,18-05-2021 20:50
6921.0,Closed,18-05-2021 23:42,18-05-2021 20:47
6932.0,Closed,19-05-2021 11:14,18-05-2021 20:38
6941.0,Closed,19-05-2021 11:15,19-05-2021 11:15
6951.0,Closed,18-05-2021 23:17,18-05-2021 23:09
6954.0,Fullstack,18-05-2021 23:16,18-05-2021 23:14
6962.0,Closed,20-05-2021 21:34,19-05-2021 21:26
6963.0,Closed,19-05-2021 11:16,19-05-2021 08:47
6966.0,Closed,19-05-2021 23:04,19-05-2021 10:03
6973.0,Closed,19-05-2021 11:19,19-05-2021 11:19
6974.0,Closed,19-05-2021 22:33,19-05-2021 10:02
6975.0,Closed,19-05-2021 11:19,19-05-2021 10:21
6979.0,Closed,19-05-2021 17:25,19-05-2021 17:26
6986.0,Duplicate,19-05-2021 22:09,
6987.0,Closed,20-05-2021 21:33,19-05-2021 18:55
6988.0,Duplicate,19-05-2021 22:09,
6989.0,Duplicate,19-05-2021 22:10,
6990.0,Duplicate,19-05-2021 23:05,19-05-2021 18:22
7049.0,Deleted,19-05-2021 19:45,
7056.0,Closed,19-05-2021 22:17,19-05-2021 21:13
7058.0,Duplicate,19-05-2021 22:17,
7059.0,Re-opened,-,19-05-2021 20:59
7062.0,Closed,20-05-2021 12:36,20-05-2021 11:37
7070.0,Closed,20-05-2021 22:39,19-05-2021 23:11
7072.0,Closed,21-05-2021 17:54,19-05-2021 23:12
7075.0,Closed,20-05-2021 21:04,20-05-2021 15:26
7080.0,Deleted,20-05-2021 01:09,
7088.0,Duplicate,20-05-2021 15:26,
7101.0,Closed,21-05-2021 20:02,20-05-2021 21:42
7118.0,Closed,20-05-2021 21:41,20-05-2021 15:08
7120.0,Closed,20-05-2021 15:12,20-05-2021 14:43
7127.0,Closed,20-05-2021 15:47,20-05-2021 15:24
7147.0,Deleted,20-05-2021 19:11,
7148.0,Closed,20-05-2021 21:18,20-05-2021 21:18
7151.0,Deleted,20-05-2021 20:02,
7153.0,Closed,20-05-2021 20:39,20-05-2021 20:11
7157.0,Closed,21-05-2021 17:49,20-05-2021 20:56
7158.0,Closed,21-05-2021 20:02,
7160.0,Closed,20-05-2021 22:02,20-05-2021 21:13
7161.0,Closed,21-05-2021 10:29,20-05-2021 21:50
7162.0,Closed,20-05-2021 23:34,20-05-2021 21:48
7166.0,Closed,20-05-2021 23:50,20-05-2021 23:50
7167.0,Closed,20-05-2021 22:57,20-05-2021 22:56
7168.0,Duplicate,20-05-2021 22:38,
7171.0,Open,-,
