message_id,team_id,channel_name,author_id,author_name,timestamp,yesterday_text,today_text,blocker_raw_text,has_blocker_flag
MSG-8801,TEAM-ALPHA,#standup-backend,USR-101,Alex Chen,2026-04-06T09:00:00Z,Worked on assigned backlog items and code review.,Continuing development and integration testing.,Third-party API rate limits hit during testing,True
MSG-8802,TEAM-BETA,#standup-frontend,USR-202,Elena Rostova,2026-04-06T09:00:00Z,Worked on assigned backlog items and code review.,Continuing development and integration testing.,Waiting on Backend API spec updates,True
MSG-8803,TEAM-GAMMA,#standup-devops,USR-301,David Miller,2026-04-07T09:00:00Z,Worked on assigned backlog items and code review.,Continuing development and integration testing.,Flaky CI runner failing build suite,True
MSG-8804,TEAM-ALPHA,#standup-backend,USR-102,Ravi Patel,2026-04-07T09:00:00Z,Worked on assigned backlog items and code review.,Continuing development and integration testing.,Flaky CI runner failing build suite,True
MSG-8805,TEAM-BETA,#standup-frontend,USR-201,Sarah Jenkins,2026-04-08T09:00:00Z,Worked on assigned backlog items and code review.,Continuing development and integration testing.,None! Smooth sailing.,False
MSG-8806,TEAM-GAMMA,#standup-devops,USR-302,Marcus Vance,2026-04-08T09:00:00Z,Worked on assigned backlog items and code review.,Continuing development and integration testing.,Waiting on Backend API spec updates,True
MSG-8807,TEAM-ALPHA,#standup-backend,USR-101,Alex Chen,2026-04-09T09:00:00Z,Worked on assigned backlog items and code review.,Continuing development and integration testing.,Out sick with flu,True
MSG-8808,TEAM-BETA,#standup-frontend,USR-202,Elena Rostova,2026-04-09T09:00:00Z,Worked on assigned backlog items and code review.,Continuing development and integration testing.,None! Smooth sailing.,False
MSG-8809,TEAM-GAMMA,#standup-devops,USR-301,David Miller,2026-04-10T09:00:00Z,Worked on assigned backlog items and code review.,Continuing development and integration testing.,Waiting on Backend API spec updates,True
MSG-8810,TEAM-ALPHA,#standup-backend,USR-102,Ravi Patel,2026-04-10T09:00:00Z,Worked on assigned backlog items and code review.,Continuing development and integration testing.,None! Smooth sailing.,False
MSG-8811,TEAM-BETA,#standup-frontend,USR-201,Sarah Jenkins,2026-04-11T09:00:00Z,Worked on assigned backlog items and code review.,Continuing development and integration testing.,None! Smooth sailing.,False
MSG-8812,TEAM-GAMMA,#standup-devops,USR-302,Marcus Vance,2026-04-11T09:00:00Z,Worked on assigned backlog items and code review.,Continuing development and integration testing.,None! Smooth sailing.,False
MSG-8813,TEAM-ALPHA,#standup-backend,USR-101,Alex Chen,2026-04-12T09:00:00Z,Worked on assigned backlog items and code review.,Continuing development and integration testing.,Flaky CI runner failing build suite,True
MSG-8814,TEAM-BETA,#standup-frontend,USR-202,Elena Rostova,2026-04-12T09:00:00Z,Worked on assigned backlog items and code review.,Continuing development and integration testing.,Waiting on Backend API spec updates,True
MSG-8815,TEAM-GAMMA,#standup-devops,USR-301,David Miller,2026-04-13T09:00:00Z,Worked on assigned backlog items and code review.,Continuing development and integration testing.,None! Smooth sailing.,False
MSG-8816,TEAM-ALPHA,#standup-backend,USR-102,Ravi Patel,2026-04-13T09:00:00Z,Worked on assigned backlog items and code review.,Continuing development and integration testing.,Flaky CI runner failing build suite,True
MSG-8817,TEAM-BETA,#standup-frontend,USR-201,Sarah Jenkins,2026-04-14T09:00:00Z,Worked on assigned backlog items and code review.,Continuing development and integration testing.,PR review blocked waiting on Tech Lead signoff,True
MSG-8818,TEAM-GAMMA,#standup-devops,USR-302,Marcus Vance,2026-04-14T09:00:00Z,Worked on assigned backlog items and code review.,Continuing development and integration testing.,Out sick with flu,True
MSG-8819,TEAM-ALPHA,#standup-backend,USR-101,Alex Chen,2026-04-15T09:00:00Z,Worked on assigned backlog items and code review.,Continuing development and integration testing.,Third-party API rate limits hit during testing,True
MSG-8820,TEAM-BETA,#standup-frontend,USR-202,Elena Rostova,2026-04-15T09:00:00Z,Worked on assigned backlog items and code review.,Continuing development and integration testing.,None! Smooth sailing.,False
MSG-8821,TEAM-GAMMA,#standup-devops,USR-301,David Miller,2026-04-16T09:00:00Z,Worked on assigned backlog items and code review.,Continuing development and integration testing.,PR review blocked waiting on Tech Lead signoff,True
MSG-8822,TEAM-ALPHA,#standup-backend,USR-102,Ravi Patel,2026-04-16T09:00:00Z,Worked on assigned backlog items and code review.,Continuing development and integration testing.,None! Smooth sailing.,False
MSG-8823,TEAM-BETA,#standup-frontend,USR-201,Sarah Jenkins,2026-04-17T09:00:00Z,Worked on assigned backlog items and code review.,Continuing development and integration testing.,Waiting on staging DB credentials from SecOps,True
MSG-8824,TEAM-GAMMA,#standup-devops,USR-302,Marcus Vance,2026-04-17T09:00:00Z,Worked on assigned backlog items and code review.,Continuing development and integration testing.,Waiting on Backend API spec updates,True
MSG-8825,TEAM-ALPHA,#standup-backend,USR-101,Alex Chen,2026-04-18T09:00:00Z,Worked on assigned backlog items and code review.,Continuing development and integration testing.,Out sick with flu,True
MSG-8826,TEAM-BETA,#standup-frontend,USR-202,Elena Rostova,2026-04-18T09:00:00Z,Worked on assigned backlog items and code review.,Continuing development and integration testing.,Waiting on staging DB credentials from SecOps,True
MSG-8827,TEAM-GAMMA,#standup-devops,USR-301,David Miller,2026-04-19T09:00:00Z,Worked on assigned backlog items and code review.,Continuing development and integration testing.,None! Smooth sailing.,False
MSG-8828,TEAM-ALPHA,#standup-backend,USR-102,Ravi Patel,2026-04-19T09:00:00Z,Worked on assigned backlog items and code review.,Continuing development and integration testing.,Out sick with flu,True
MSG-8829,TEAM-BETA,#standup-frontend,USR-201,Sarah Jenkins,2026-04-20T09:00:00Z,Worked on assigned backlog items and code review.,Continuing development and integration testing.,None! Smooth sailing.,False
MSG-8830,TEAM-GAMMA,#standup-devops,USR-302,Marcus Vance,2026-04-20T09:00:00Z,Worked on assigned backlog items and code review.,Continuing development and integration testing.,None! Smooth sailing.,False
MSG-8831,TEAM-ALPHA,#standup-backend,USR-101,Alex Chen,2026-04-21T09:00:00Z,Worked on assigned backlog items and code review.,Continuing development and integration testing.,Third-party API rate limits hit during testing,True
MSG-8832,TEAM-BETA,#standup-frontend,USR-202,Elena Rostova,2026-04-21T09:00:00Z,Worked on assigned backlog items and code review.,Continuing development and integration testing.,Out sick with flu,True
MSG-8833,TEAM-GAMMA,#standup-devops,USR-301,David Miller,2026-04-22T09:00:00Z,Worked on assigned backlog items and code review.,Continuing development and integration testing.,Waiting on Backend API spec updates,True
MSG-8834,TEAM-ALPHA,#standup-backend,USR-102,Ravi Patel,2026-04-22T09:00:00Z,Worked on assigned backlog items and code review.,Continuing development and integration testing.,Third-party API rate limits hit during testing,True
MSG-8835,TEAM-BETA,#standup-frontend,USR-201,Sarah Jenkins,2026-04-23T09:00:00Z,Worked on assigned backlog items and code review.,Continuing development and integration testing.,None! Smooth sailing.,False
MSG-8836,TEAM-GAMMA,#standup-devops,USR-302,Marcus Vance,2026-04-23T09:00:00Z,Worked on assigned backlog items and code review.,Continuing development and integration testing.,None! Smooth sailing.,False
MSG-8837,TEAM-ALPHA,#standup-backend,USR-101,Alex Chen,2026-04-24T09:00:00Z,Worked on assigned backlog items and code review.,Continuing development and integration testing.,Flaky CI runner failing build suite,True
MSG-8838,TEAM-BETA,#standup-frontend,USR-202,Elena Rostova,2026-04-24T09:00:00Z,Worked on assigned backlog items and code review.,Continuing development and integration testing.,None! Smooth sailing.,False
MSG-8839,TEAM-GAMMA,#standup-devops,USR-301,David Miller,2026-04-25T09:00:00Z,Worked on assigned backlog items and code review.,Continuing development and integration testing.,None! Smooth sailing.,False
MSG-8840,TEAM-ALPHA,#standup-backend,USR-102,Ravi Patel,2026-04-25T09:00:00Z,Worked on assigned backlog items and code review.,Continuing development and integration testing.,Waiting on Backend API spec updates,True
MSG-8841,TEAM-BETA,#standup-frontend,USR-201,Sarah Jenkins,2026-04-26T09:00:00Z,Worked on assigned backlog items and code review.,Continuing development and integration testing.,None! Smooth sailing.,False
MSG-8842,TEAM-GAMMA,#standup-devops,USR-302,Marcus Vance,2026-04-26T09:00:00Z,Worked on assigned backlog items and code review.,Continuing development and integration testing.,Flaky CI runner failing build suite,True
MSG-8843,TEAM-ALPHA,#standup-backend,USR-101,Alex Chen,2026-04-27T09:00:00Z,Worked on assigned backlog items and code review.,Continuing development and integration testing.,None! Smooth sailing.,False
MSG-8844,TEAM-BETA,#standup-frontend,USR-202,Elena Rostova,2026-04-27T09:00:00Z,Worked on assigned backlog items and code review.,Continuing development and integration testing.,None! Smooth sailing.,False
MSG-8845,TEAM-GAMMA,#standup-devops,USR-301,David Miller,2026-04-28T09:00:00Z,Worked on assigned backlog items and code review.,Continuing development and integration testing.,None! Smooth sailing.,False
MSG-8846,TEAM-ALPHA,#standup-backend,USR-102,Ravi Patel,2026-04-28T09:00:00Z,Worked on assigned backlog items and code review.,Continuing development and integration testing.,None! Smooth sailing.,False
MSG-8847,TEAM-BETA,#standup-frontend,USR-201,Sarah Jenkins,2026-04-29T09:00:00Z,Worked on assigned backlog items and code review.,Continuing development and integration testing.,None! Smooth sailing.,False
MSG-8848,TEAM-GAMMA,#standup-devops,USR-302,Marcus Vance,2026-04-29T09:00:00Z,Worked on assigned backlog items and code review.,Continuing development and integration testing.,Flaky CI runner failing build suite,True
MSG-8849,TEAM-ALPHA,#standup-backend,USR-101,Alex Chen,2026-04-30T09:00:00Z,Worked on assigned backlog items and code review.,Continuing development and integration testing.,Waiting on Backend API spec updates,True
MSG-8850,TEAM-BETA,#standup-frontend,USR-202,Elena Rostova,2026-04-30T09:00:00Z,Worked on assigned backlog items and code review.,Continuing development and integration testing.,None! Smooth sailing.,False
MSG-8851,TEAM-GAMMA,#standup-devops,USR-301,David Miller,2026-05-01T09:00:00Z,Worked on assigned backlog items and code review.,Continuing development and integration testing.,Third-party API rate limits hit during testing,True
MSG-8852,TEAM-ALPHA,#standup-backend,USR-102,Ravi Patel,2026-05-01T09:00:00Z,Worked on assigned backlog items and code review.,Continuing development and integration testing.,Third-party API rate limits hit during testing,True
MSG-8853,TEAM-BETA,#standup-frontend,USR-201,Sarah Jenkins,2026-05-02T09:00:00Z,Worked on assigned backlog items and code review.,Continuing development and integration testing.,Out sick with flu,True
MSG-8854,TEAM-GAMMA,#standup-devops,USR-302,Marcus Vance,2026-05-02T09:00:00Z,Worked on assigned backlog items and code review.,Continuing development and integration testing.,Waiting on staging DB credentials from SecOps,True
MSG-8855,TEAM-ALPHA,#standup-backend,USR-101,Alex Chen,2026-05-03T09:00:00Z,Worked on assigned backlog items and code review.,Continuing development and integration testing.,Out sick with flu,True
MSG-8856,TEAM-BETA,#standup-frontend,USR-202,Elena Rostova,2026-05-03T09:00:00Z,Worked on assigned backlog items and code review.,Continuing development and integration testing.,Waiting on Backend API spec updates,True
MSG-8857,TEAM-GAMMA,#standup-devops,USR-301,David Miller,2026-05-04T09:00:00Z,Worked on assigned backlog items and code review.,Continuing development and integration testing.,None! Smooth sailing.,False
MSG-8858,TEAM-ALPHA,#standup-backend,USR-102,Ravi Patel,2026-05-04T09:00:00Z,Worked on assigned backlog items and code review.,Continuing development and integration testing.,Waiting on Backend API spec updates,True
MSG-8859,TEAM-BETA,#standup-frontend,USR-201,Sarah Jenkins,2026-05-05T09:00:00Z,Worked on assigned backlog items and code review.,Continuing development and integration testing.,Waiting on Backend API spec updates,True
MSG-8860,TEAM-GAMMA,#standup-devops,USR-302,Marcus Vance,2026-05-05T09:00:00Z,Worked on assigned backlog items and code review.,Continuing development and integration testing.,Waiting on Backend API spec updates,True
MSG-8861,TEAM-ALPHA,#standup-backend,USR-101,Alex Chen,2026-05-06T09:00:00Z,Worked on assigned backlog items and code review.,Continuing development and integration testing.,Flaky CI runner failing build suite,True
MSG-8862,TEAM-BETA,#standup-frontend,USR-202,Elena Rostova,2026-05-06T09:00:00Z,Worked on assigned backlog items and code review.,Continuing development and integration testing.,Flaky CI runner failing build suite,True
MSG-8863,TEAM-GAMMA,#standup-devops,USR-301,David Miller,2026-05-07T09:00:00Z,Worked on assigned backlog items and code review.,Continuing development and integration testing.,None! Smooth sailing.,False
MSG-8864,TEAM-ALPHA,#standup-backend,USR-102,Ravi Patel,2026-05-07T09:00:00Z,Worked on assigned backlog items and code review.,Continuing development and integration testing.,None! Smooth sailing.,False
MSG-8865,TEAM-BETA,#standup-frontend,USR-201,Sarah Jenkins,2026-05-08T09:00:00Z,Worked on assigned backlog items and code review.,Continuing development and integration testing.,None! Smooth sailing.,False
MSG-8866,TEAM-GAMMA,#standup-devops,USR-302,Marcus Vance,2026-05-08T09:00:00Z,Worked on assigned backlog items and code review.,Continuing development and integration testing.,None! Smooth sailing.,False
MSG-8867,TEAM-ALPHA,#standup-backend,USR-101,Alex Chen,2026-05-09T09:00:00Z,Worked on assigned backlog items and code review.,Continuing development and integration testing.,None! Smooth sailing.,False
MSG-8868,TEAM-BETA,#standup-frontend,USR-202,Elena Rostova,2026-05-09T09:00:00Z,Worked on assigned backlog items and code review.,Continuing development and integration testing.,Waiting on staging DB credentials from SecOps,True
MSG-8869,TEAM-GAMMA,#standup-devops,USR-301,David Miller,2026-05-10T09:00:00Z,Worked on assigned backlog items and code review.,Continuing development and integration testing.,Waiting on staging DB credentials from SecOps,True
MSG-8870,TEAM-ALPHA,#standup-backend,USR-102,Ravi Patel,2026-05-10T09:00:00Z,Worked on assigned backlog items and code review.,Continuing development and integration testing.,Waiting on staging DB credentials from SecOps,True
MSG-8871,TEAM-BETA,#standup-frontend,USR-201,Sarah Jenkins,2026-05-11T09:00:00Z,Worked on assigned backlog items and code review.,Continuing development and integration testing.,PR review blocked waiting on Tech Lead signoff,True
MSG-8872,TEAM-GAMMA,#standup-devops,USR-302,Marcus Vance,2026-05-11T09:00:00Z,Worked on assigned backlog items and code review.,Continuing development and integration testing.,None! Smooth sailing.,False
MSG-8873,TEAM-ALPHA,#standup-backend,USR-101,Alex Chen,2026-05-12T09:00:00Z,Worked on assigned backlog items and code review.,Continuing development and integration testing.,None! Smooth sailing.,False
MSG-8874,TEAM-BETA,#standup-frontend,USR-202,Elena Rostova,2026-05-12T09:00:00Z,Worked on assigned backlog items and code review.,Continuing development and integration testing.,Third-party API rate limits hit during testing,True
MSG-8875,TEAM-GAMMA,#standup-devops,USR-301,David Miller,2026-05-13T09:00:00Z,Worked on assigned backlog items and code review.,Continuing development and integration testing.,Third-party API rate limits hit during testing,True
MSG-8876,TEAM-ALPHA,#standup-backend,USR-102,Ravi Patel,2026-05-13T09:00:00Z,Worked on assigned backlog items and code review.,Continuing development and integration testing.,None! Smooth sailing.,False
MSG-8877,TEAM-BETA,#standup-frontend,USR-201,Sarah Jenkins,2026-05-14T09:00:00Z,Worked on assigned backlog items and code review.,Continuing development and integration testing.,Waiting on Backend API spec updates,True
MSG-8878,TEAM-GAMMA,#standup-devops,USR-302,Marcus Vance,2026-05-14T09:00:00Z,Worked on assigned backlog items and code review.,Continuing development and integration testing.,None! Smooth sailing.,False
MSG-8879,TEAM-ALPHA,#standup-backend,USR-101,Alex Chen,2026-05-15T09:00:00Z,Worked on assigned backlog items and code review.,Continuing development and integration testing.,Waiting on staging DB credentials from SecOps,True
MSG-8880,TEAM-BETA,#standup-frontend,USR-202,Elena Rostova,2026-05-15T09:00:00Z,Worked on assigned backlog items and code review.,Continuing development and integration testing.,Waiting on staging DB credentials from SecOps,True
MSG-8881,TEAM-GAMMA,#standup-devops,USR-301,David Miller,2026-05-16T09:00:00Z,Worked on assigned backlog items and code review.,Continuing development and integration testing.,PR review blocked waiting on Tech Lead signoff,True
MSG-8882,TEAM-ALPHA,#standup-backend,USR-102,Ravi Patel,2026-05-16T09:00:00Z,Worked on assigned backlog items and code review.,Continuing development and integration testing.,Waiting on staging DB credentials from SecOps,True
MSG-8883,TEAM-BETA,#standup-frontend,USR-201,Sarah Jenkins,2026-05-17T09:00:00Z,Worked on assigned backlog items and code review.,Continuing development and integration testing.,None! Smooth sailing.,False
MSG-8884,TEAM-GAMMA,#standup-devops,USR-302,Marcus Vance,2026-05-17T09:00:00Z,Worked on assigned backlog items and code review.,Continuing development and integration testing.,None! Smooth sailing.,False
MSG-8885,TEAM-ALPHA,#standup-backend,USR-101,Alex Chen,2026-05-18T09:00:00Z,Worked on assigned backlog items and code review.,Continuing development and integration testing.,PR review blocked waiting on Tech Lead signoff,True
MSG-8886,TEAM-BETA,#standup-frontend,USR-202,Elena Rostova,2026-05-18T09:00:00Z,Worked on assigned backlog items and code review.,Continuing development and integration testing.,Out sick with flu,True
MSG-8887,TEAM-GAMMA,#standup-devops,USR-301,David Miller,2026-05-19T09:00:00Z,Worked on assigned backlog items and code review.,Continuing development and integration testing.,Flaky CI runner failing build suite,True
MSG-8888,TEAM-ALPHA,#standup-backend,USR-102,Ravi Patel,2026-05-19T09:00:00Z,Worked on assigned backlog items and code review.,Continuing development and integration testing.,Flaky CI runner failing build suite,True
MSG-8889,TEAM-BETA,#standup-frontend,USR-201,Sarah Jenkins,2026-05-20T09:00:00Z,Worked on assigned backlog items and code review.,Continuing development and integration testing.,Out sick with flu,True
MSG-8890,TEAM-GAMMA,#standup-devops,USR-302,Marcus Vance,2026-05-20T09:00:00Z,Worked on assigned backlog items and code review.,Continuing development and integration testing.,Out sick with flu,True
MSG-8891,TEAM-ALPHA,#standup-backend,USR-101,Alex Chen,2026-05-21T09:00:00Z,Worked on assigned backlog items and code review.,Continuing development and integration testing.,Out sick with flu,True
MSG-8892,TEAM-BETA,#standup-frontend,USR-202,Elena Rostova,2026-05-21T09:00:00Z,Worked on assigned backlog items and code review.,Continuing development and integration testing.,None! Smooth sailing.,False
MSG-8893,TEAM-GAMMA,#standup-devops,USR-301,David Miller,2026-05-22T09:00:00Z,Worked on assigned backlog items and code review.,Continuing development and integration testing.,None! Smooth sailing.,False
MSG-8894,TEAM-ALPHA,#standup-backend,USR-102,Ravi Patel,2026-05-22T09:00:00Z,Worked on assigned backlog items and code review.,Continuing development and integration testing.,Waiting on staging DB credentials from SecOps,True
MSG-8895,TEAM-BETA,#standup-frontend,USR-201,Sarah Jenkins,2026-05-23T09:00:00Z,Worked on assigned backlog items and code review.,Continuing development and integration testing.,Third-party API rate limits hit during testing,True
MSG-8896,TEAM-GAMMA,#standup-devops,USR-302,Marcus Vance,2026-05-23T09:00:00Z,Worked on assigned backlog items and code review.,Continuing development and integration testing.,None! Smooth sailing.,False
MSG-8897,TEAM-ALPHA,#standup-backend,USR-101,Alex Chen,2026-05-24T09:00:00Z,Worked on assigned backlog items and code review.,Continuing development and integration testing.,PR review blocked waiting on Tech Lead signoff,True
MSG-8898,TEAM-BETA,#standup-frontend,USR-202,Elena Rostova,2026-05-24T09:00:00Z,Worked on assigned backlog items and code review.,Continuing development and integration testing.,PR review blocked waiting on Tech Lead signoff,True
MSG-8899,TEAM-GAMMA,#standup-devops,USR-301,David Miller,2026-05-25T09:00:00Z,Worked on assigned backlog items and code review.,Continuing development and integration testing.,None! Smooth sailing.,False
MSG-8900,TEAM-ALPHA,#standup-backend,USR-102,Ravi Patel,2026-05-25T09:00:00Z,Worked on assigned backlog items and code review.,Continuing development and integration testing.,None! Smooth sailing.,False
MSG-8901,TEAM-BETA,#standup-frontend,USR-201,Sarah Jenkins,2026-05-26T09:00:00Z,Worked on assigned backlog items and code review.,Continuing development and integration testing.,Flaky CI runner failing build suite,True
MSG-8902,TEAM-GAMMA,#standup-devops,USR-302,Marcus Vance,2026-05-26T09:00:00Z,Worked on assigned backlog items and code review.,Continuing development and integration testing.,PR review blocked waiting on Tech Lead signoff,True
MSG-8903,TEAM-ALPHA,#standup-backend,USR-101,Alex Chen,2026-05-27T09:00:00Z,Worked on assigned backlog items and code review.,Continuing development and integration testing.,None! Smooth sailing.,False
MSG-8904,TEAM-BETA,#standup-frontend,USR-202,Elena Rostova,2026-05-27T09:00:00Z,Worked on assigned backlog items and code review.,Continuing development and integration testing.,Waiting on staging DB credentials from SecOps,True
MSG-8905,TEAM-GAMMA,#standup-devops,USR-301,David Miller,2026-05-28T09:00:00Z,Worked on assigned backlog items and code review.,Continuing development and integration testing.,None! Smooth sailing.,False
MSG-8906,TEAM-ALPHA,#standup-backend,USR-102,Ravi Patel,2026-05-28T09:00:00Z,Worked on assigned backlog items and code review.,Continuing development and integration testing.,Waiting on staging DB credentials from SecOps,True
MSG-8907,TEAM-BETA,#standup-frontend,USR-201,Sarah Jenkins,2026-05-29T09:00:00Z,Worked on assigned backlog items and code review.,Continuing development and integration testing.,Flaky CI runner failing build suite,True
MSG-8908,TEAM-GAMMA,#standup-devops,USR-302,Marcus Vance,2026-05-29T09:00:00Z,Worked on assigned backlog items and code review.,Continuing development and integration testing.,PR review blocked waiting on Tech Lead signoff,True
MSG-8909,TEAM-ALPHA,#standup-backend,USR-101,Alex Chen,2026-05-30T09:00:00Z,Worked on assigned backlog items and code review.,Continuing development and integration testing.,None! Smooth sailing.,False
MSG-8910,TEAM-BETA,#standup-frontend,USR-202,Elena Rostova,2026-05-30T09:00:00Z,Worked on assigned backlog items and code review.,Continuing development and integration testing.,Waiting on staging DB credentials from SecOps,True
MSG-8911,TEAM-GAMMA,#standup-devops,USR-301,David Miller,2026-05-31T09:00:00Z,Worked on assigned backlog items and code review.,Continuing development and integration testing.,Waiting on Backend API spec updates,True
MSG-8912,TEAM-ALPHA,#standup-backend,USR-102,Ravi Patel,2026-05-31T09:00:00Z,Worked on assigned backlog items and code review.,Continuing development and integration testing.,Third-party API rate limits hit during testing,True
MSG-8913,TEAM-BETA,#standup-frontend,USR-201,Sarah Jenkins,2026-06-01T09:00:00Z,Worked on assigned backlog items and code review.,Continuing development and integration testing.,PR review blocked waiting on Tech Lead signoff,True
MSG-8914,TEAM-GAMMA,#standup-devops,USR-302,Marcus Vance,2026-06-01T09:00:00Z,Worked on assigned backlog items and code review.,Continuing development and integration testing.,None! Smooth sailing.,False
MSG-8915,TEAM-ALPHA,#standup-backend,USR-101,Alex Chen,2026-06-02T09:00:00Z,Worked on assigned backlog items and code review.,Continuing development and integration testing.,Third-party API rate limits hit during testing,True
MSG-8916,TEAM-BETA,#standup-frontend,USR-202,Elena Rostova,2026-06-02T09:00:00Z,Worked on assigned backlog items and code review.,Continuing development and integration testing.,None! Smooth sailing.,False
MSG-8917,TEAM-GAMMA,#standup-devops,USR-301,David Miller,2026-06-03T09:00:00Z,Worked on assigned backlog items and code review.,Continuing development and integration testing.,Third-party API rate limits hit during testing,True
MSG-8918,TEAM-ALPHA,#standup-backend,USR-102,Ravi Patel,2026-06-03T09:00:00Z,Worked on assigned backlog items and code review.,Continuing development and integration testing.,None! Smooth sailing.,False
MSG-8919,TEAM-BETA,#standup-frontend,USR-201,Sarah Jenkins,2026-06-04T09:00:00Z,Worked on assigned backlog items and code review.,Continuing development and integration testing.,None! Smooth sailing.,False
MSG-8920,TEAM-GAMMA,#standup-devops,USR-302,Marcus Vance,2026-06-04T09:00:00Z,Worked on assigned backlog items and code review.,Continuing development and integration testing.,Third-party API rate limits hit during testing,True
MSG-8921,TEAM-ALPHA,#standup-backend,USR-101,Alex Chen,2026-06-05T09:00:00Z,Worked on assigned backlog items and code review.,Continuing development and integration testing.,PR review blocked waiting on Tech Lead signoff,True
MSG-8922,TEAM-BETA,#standup-frontend,USR-202,Elena Rostova,2026-06-05T09:00:00Z,Worked on assigned backlog items and code review.,Continuing development and integration testing.,Third-party API rate limits hit during testing,True
MSG-8923,TEAM-GAMMA,#standup-devops,USR-301,David Miller,2026-06-06T09:00:00Z,Worked on assigned backlog items and code review.,Continuing development and integration testing.,PR review blocked waiting on Tech Lead signoff,True
MSG-8924,TEAM-ALPHA,#standup-backend,USR-102,Ravi Patel,2026-06-06T09:00:00Z,Worked on assigned backlog items and code review.,Continuing development and integration testing.,None! Smooth sailing.,False
MSG-8925,TEAM-BETA,#standup-frontend,USR-201,Sarah Jenkins,2026-06-07T09:00:00Z,Worked on assigned backlog items and code review.,Continuing development and integration testing.,None! Smooth sailing.,False
MSG-8926,TEAM-GAMMA,#standup-devops,USR-302,Marcus Vance,2026-06-07T09:00:00Z,Worked on assigned backlog items and code review.,Continuing development and integration testing.,Flaky CI runner failing build suite,True
MSG-8927,TEAM-ALPHA,#standup-backend,USR-101,Alex Chen,2026-06-08T09:00:00Z,Worked on assigned backlog items and code review.,Continuing development and integration testing.,PR review blocked waiting on Tech Lead signoff,True
MSG-8928,TEAM-BETA,#standup-frontend,USR-202,Elena Rostova,2026-06-08T09:00:00Z,Worked on assigned backlog items and code review.,Continuing development and integration testing.,None! Smooth sailing.,False
MSG-8929,TEAM-GAMMA,#standup-devops,USR-301,David Miller,2026-06-09T09:00:00Z,Worked on assigned backlog items and code review.,Continuing development and integration testing.,Out sick with flu,True
MSG-8930,TEAM-ALPHA,#standup-backend,USR-102,Ravi Patel,2026-06-09T09:00:00Z,Worked on assigned backlog items and code review.,Continuing development and integration testing.,None! Smooth sailing.,False
MSG-8931,TEAM-BETA,#standup-frontend,USR-201,Sarah Jenkins,2026-06-10T09:00:00Z,Worked on assigned backlog items and code review.,Continuing development and integration testing.,None! Smooth sailing.,False
MSG-8932,TEAM-GAMMA,#standup-devops,USR-302,Marcus Vance,2026-06-10T09:00:00Z,Worked on assigned backlog items and code review.,Continuing development and integration testing.,Waiting on Backend API spec updates,True
MSG-8933,TEAM-ALPHA,#standup-backend,USR-101,Alex Chen,2026-06-11T09:00:00Z,Worked on assigned backlog items and code review.,Continuing development and integration testing.,Third-party API rate limits hit during testing,True
MSG-8934,TEAM-BETA,#standup-frontend,USR-202,Elena Rostova,2026-06-11T09:00:00Z,Worked on assigned backlog items and code review.,Continuing development and integration testing.,Flaky CI runner failing build suite,True
MSG-8935,TEAM-GAMMA,#standup-devops,USR-301,David Miller,2026-06-12T09:00:00Z,Worked on assigned backlog items and code review.,Continuing development and integration testing.,None! Smooth sailing.,False
MSG-8936,TEAM-ALPHA,#standup-backend,USR-102,Ravi Patel,2026-06-12T09:00:00Z,Worked on assigned backlog items and code review.,Continuing development and integration testing.,None! Smooth sailing.,False
MSG-8937,TEAM-BETA,#standup-frontend,USR-201,Sarah Jenkins,2026-06-13T09:00:00Z,Worked on assigned backlog items and code review.,Continuing development and integration testing.,Flaky CI runner failing build suite,True
MSG-8938,TEAM-GAMMA,#standup-devops,USR-302,Marcus Vance,2026-06-13T09:00:00Z,Worked on assigned backlog items and code review.,Continuing development and integration testing.,Flaky CI runner failing build suite,True
MSG-8939,TEAM-ALPHA,#standup-backend,USR-101,Alex Chen,2026-06-14T09:00:00Z,Worked on assigned backlog items and code review.,Continuing development and integration testing.,Waiting on Backend API spec updates,True
MSG-8940,TEAM-BETA,#standup-frontend,USR-202,Elena Rostova,2026-06-14T09:00:00Z,Worked on assigned backlog items and code review.,Continuing development and integration testing.,Flaky CI runner failing build suite,True
MSG-8941,TEAM-GAMMA,#standup-devops,USR-301,David Miller,2026-06-15T09:00:00Z,Worked on assigned backlog items and code review.,Continuing development and integration testing.,PR review blocked waiting on Tech Lead signoff,True
MSG-8942,TEAM-ALPHA,#standup-backend,USR-102,Ravi Patel,2026-06-15T09:00:00Z,Worked on assigned backlog items and code review.,Continuing development and integration testing.,Out sick with flu,True
MSG-8943,TEAM-BETA,#standup-frontend,USR-201,Sarah Jenkins,2026-06-16T09:00:00Z,Worked on assigned backlog items and code review.,Continuing development and integration testing.,Flaky CI runner failing build suite,True
MSG-8944,TEAM-GAMMA,#standup-devops,USR-302,Marcus Vance,2026-06-16T09:00:00Z,Worked on assigned backlog items and code review.,Continuing development and integration testing.,None! Smooth sailing.,False
MSG-8945,TEAM-ALPHA,#standup-backend,USR-101,Alex Chen,2026-06-17T09:00:00Z,Worked on assigned backlog items and code review.,Continuing development and integration testing.,None! Smooth sailing.,False
MSG-8946,TEAM-BETA,#standup-frontend,USR-202,Elena Rostova,2026-06-17T09:00:00Z,Worked on assigned backlog items and code review.,Continuing development and integration testing.,Waiting on staging DB credentials from SecOps,True
MSG-8947,TEAM-GAMMA,#standup-devops,USR-301,David Miller,2026-06-18T09:00:00Z,Worked on assigned backlog items and code review.,Continuing development and integration testing.,Out sick with flu,True
MSG-8948,TEAM-ALPHA,#standup-backend,USR-102,Ravi Patel,2026-06-18T09:00:00Z,Worked on assigned backlog items and code review.,Continuing development and integration testing.,Third-party API rate limits hit during testing,True
MSG-8949,TEAM-BETA,#standup-frontend,USR-201,Sarah Jenkins,2026-06-19T09:00:00Z,Worked on assigned backlog items and code review.,Continuing development and integration testing.,None! Smooth sailing.,False
MSG-8950,TEAM-GAMMA,#standup-devops,USR-302,Marcus Vance,2026-06-19T09:00:00Z,Worked on assigned backlog items and code review.,Continuing development and integration testing.,Third-party API rate limits hit during testing,True
MSG-8951,TEAM-ALPHA,#standup-backend,USR-101,Alex Chen,2026-06-20T09:00:00Z,Worked on assigned backlog items and code review.,Continuing development and integration testing.,Waiting on Backend API spec updates,True
MSG-8952,TEAM-BETA,#standup-frontend,USR-202,Elena Rostova,2026-06-20T09:00:00Z,Worked on assigned backlog items and code review.,Continuing development and integration testing.,Waiting on Backend API spec updates,True
MSG-8953,TEAM-GAMMA,#standup-devops,USR-301,David Miller,2026-06-21T09:00:00Z,Worked on assigned backlog items and code review.,Continuing development and integration testing.,Waiting on Backend API spec updates,True
MSG-8954,TEAM-ALPHA,#standup-backend,USR-102,Ravi Patel,2026-06-21T09:00:00Z,Worked on assigned backlog items and code review.,Continuing development and integration testing.,Out sick with flu,True
MSG-8955,TEAM-BETA,#standup-frontend,USR-201,Sarah Jenkins,2026-06-22T09:00:00Z,Worked on assigned backlog items and code review.,Continuing development and integration testing.,Waiting on staging DB credentials from SecOps,True
MSG-8956,TEAM-GAMMA,#standup-devops,USR-302,Marcus Vance,2026-06-22T09:00:00Z,Worked on assigned backlog items and code review.,Continuing development and integration testing.,None! Smooth sailing.,False
MSG-8957,TEAM-ALPHA,#standup-backend,USR-101,Alex Chen,2026-06-23T09:00:00Z,Worked on assigned backlog items and code review.,Continuing development and integration testing.,Third-party API rate limits hit during testing,True
MSG-8958,TEAM-BETA,#standup-frontend,USR-202,Elena Rostova,2026-06-23T09:00:00Z,Worked on assigned backlog items and code review.,Continuing development and integration testing.,None! Smooth sailing.,False
MSG-8959,TEAM-GAMMA,#standup-devops,USR-301,David Miller,2026-06-24T09:00:00Z,Worked on assigned backlog items and code review.,Continuing development and integration testing.,Waiting on Backend API spec updates,True
MSG-8960,TEAM-ALPHA,#standup-backend,USR-102,Ravi Patel,2026-06-24T09:00:00Z,Worked on assigned backlog items and code review.,Continuing development and integration testing.,Third-party API rate limits hit during testing,True
MSG-8961,TEAM-BETA,#standup-frontend,USR-201,Sarah Jenkins,2026-06-25T09:00:00Z,Worked on assigned backlog items and code review.,Continuing development and integration testing.,Flaky CI runner failing build suite,True
MSG-8962,TEAM-GAMMA,#standup-devops,USR-302,Marcus Vance,2026-06-25T09:00:00Z,Worked on assigned backlog items and code review.,Continuing development and integration testing.,Third-party API rate limits hit during testing,True
MSG-8963,TEAM-ALPHA,#standup-backend,USR-101,Alex Chen,2026-06-26T09:00:00Z,Worked on assigned backlog items and code review.,Continuing development and integration testing.,Third-party API rate limits hit during testing,True
MSG-8964,TEAM-BETA,#standup-frontend,USR-202,Elena Rostova,2026-06-26T09:00:00Z,Worked on assigned backlog items and code review.,Continuing development and integration testing.,Flaky CI runner failing build suite,True
MSG-8965,TEAM-GAMMA,#standup-devops,USR-301,David Miller,2026-06-27T09:00:00Z,Worked on assigned backlog items and code review.,Continuing development and integration testing.,None! Smooth sailing.,False
MSG-8966,TEAM-ALPHA,#standup-backend,USR-102,Ravi Patel,2026-06-27T09:00:00Z,Worked on assigned backlog items and code review.,Continuing development and integration testing.,Flaky CI runner failing build suite,True
MSG-8967,TEAM-BETA,#standup-frontend,USR-201,Sarah Jenkins,2026-06-28T09:00:00Z,Worked on assigned backlog items and code review.,Continuing development and integration testing.,None! Smooth sailing.,False
MSG-8968,TEAM-GAMMA,#standup-devops,USR-302,Marcus Vance,2026-06-28T09:00:00Z,Worked on assigned backlog items and code review.,Continuing development and integration testing.,Waiting on staging DB credentials from SecOps,True
MSG-8969,TEAM-ALPHA,#standup-backend,USR-101,Alex Chen,2026-06-29T09:00:00Z,Worked on assigned backlog items and code review.,Continuing development and integration testing.,PR review blocked waiting on Tech Lead signoff,True
MSG-8970,TEAM-BETA,#standup-frontend,USR-202,Elena Rostova,2026-06-29T09:00:00Z,Worked on assigned backlog items and code review.,Continuing development and integration testing.,PR review blocked waiting on Tech Lead signoff,True
MSG-8971,TEAM-GAMMA,#standup-devops,USR-301,David Miller,2026-06-30T09:00:00Z,Worked on assigned backlog items and code review.,Continuing development and integration testing.,Third-party API rate limits hit during testing,True
MSG-8972,TEAM-ALPHA,#standup-backend,USR-102,Ravi Patel,2026-06-30T09:00:00Z,Worked on assigned backlog items and code review.,Continuing development and integration testing.,Out sick with flu,True
MSG-8973,TEAM-BETA,#standup-frontend,USR-201,Sarah Jenkins,2026-07-01T09:00:00Z,Worked on assigned backlog items and code review.,Continuing development and integration testing.,None! Smooth sailing.,False
MSG-8974,TEAM-GAMMA,#standup-devops,USR-302,Marcus Vance,2026-07-01T09:00:00Z,Worked on assigned backlog items and code review.,Continuing development and integration testing.,None! Smooth sailing.,False
MSG-8975,TEAM-ALPHA,#standup-backend,USR-101,Alex Chen,2026-07-02T09:00:00Z,Worked on assigned backlog items and code review.,Continuing development and integration testing.,PR review blocked waiting on Tech Lead signoff,True
MSG-8976,TEAM-BETA,#standup-frontend,USR-202,Elena Rostova,2026-07-02T09:00:00Z,Worked on assigned backlog items and code review.,Continuing development and integration testing.,Out sick with flu,True
MSG-8977,TEAM-GAMMA,#standup-devops,USR-301,David Miller,2026-07-03T09:00:00Z,Worked on assigned backlog items and code review.,Continuing development and integration testing.,Flaky CI runner failing build suite,True
MSG-8978,TEAM-ALPHA,#standup-backend,USR-102,Ravi Patel,2026-07-03T09:00:00Z,Worked on assigned backlog items and code review.,Continuing development and integration testing.,None! Smooth sailing.,False
MSG-8979,TEAM-BETA,#standup-frontend,USR-201,Sarah Jenkins,2026-07-04T09:00:00Z,Worked on assigned backlog items and code review.,Continuing development and integration testing.,Waiting on Backend API spec updates,True
MSG-8980,TEAM-GAMMA,#standup-devops,USR-302,Marcus Vance,2026-07-04T09:00:00Z,Worked on assigned backlog items and code review.,Continuing development and integration testing.,None! Smooth sailing.,False
