Ticket Id,Student or WP,Program Name,Status (Ticket),Created Time (Ticket),Ticket Closed Time,First Response Time,Project Phase,resolution_time_hours,resolution_zscore,is_outlier_iqr,resolution_time_capped,is_outlier
6403.0,Working Professionals,Fullstack Program,Closed,2021-05-14 01:09:00,2021-05-14 19:04:00,14-05-2021 08:51,trial phase,17.916666666666668,0.12541315927180413,False,17.916666666666668,False
6415.0,Working Professionals,Backend Program,Duplicate,2021-05-14 10:12:00,2021-05-14 11:23:00,,trial phase,1.1833333333333333,0.8079731237511656,False,1.1833333333333333,False
6420.0,Working Professionals,Fullstack Program,Closed,2021-05-14 11:46:00,2021-05-16 00:09:00,14-05-2021 18:14,trial phase,36.38333333333333,0.6278502278229492,False,36.38333333333333,False
6402.0,Student,Fullstack Program,Closed,2021-05-14 01:08:00,2021-05-14 19:04:00,14-05-2021 14:45,fullstack-phase-1,17.933333333333334,0.1247333186697331,False,17.933333333333334,False
6423.0,Working Professionals,Fellowship Program,Closed,2021-05-14 12:17:00,2021-05-14 20:39:00,14-05-2021 12:21,trial phase,8.366666666666667,0.5149618242585313,False,8.366666666666667,False
6429.0,Working Professionals,Fullstack Program,Closed,2021-05-14 13:04:00,2021-05-16 12:43:00,14-05-2021 20:44,fullstack-phase-1,47.65,1.0874224748229973,False,47.65,False
6404.0,Student,Fullstack Program,Deleted,2021-05-14 01:12:00,2021-05-14 01:13:00,,fullstack-phase-2,0.016666666666666666,0.855561965896141,False,0.016666666666666666,False
6405.0,Student,Fullstack Program,Closed,2021-05-14 01:23:00,2021-05-18 19:15:00,14-05-2021 14:15,fullstack-phase-2,113.86666666666666,3.788429186851386,True,86.10624999999999,True
6400.0,Student,Fellowship Program,Closed,2021-05-14 00:26:00,2021-05-14 11:18:00,14-05-2021 08:32,system-issues,10.866666666666667,0.41298573394786975,False,10.866666666666667,False
6411.0,Working Professionals,Backend Program,Closed,2021-05-14 02:15:00,2021-05-17 22:19:00,14-05-2021 11:54,backend-phase2,92.06666666666666,2.8991976793424175,True,86.10624999999999,True
6443.0,Working Professionals,Backend Program,Closed,2021-05-14 14:06:00,2021-05-14 20:45:00,14-05-2021 15:20,backend-phase2,6.65,0.5849854062718522,False,6.65,False
6401.0,Student,Fellowship Program,Closed,2021-05-14 00:26:00,2021-05-15 20:58:00,16-05-2021 12:10,system-issues,44.53333333333333,0.9602922822357058,False,44.53333333333333,False
6419.0,Working Professionals,Backend Program,Closed,2021-05-14 11:27:00,2021-05-16 12:13:00,14-05-2021 11:47,system-issues,48.766666666666666,1.1329717951617595,False,48.766666666666666,False
6407.0,Student,Fullstack Program,Closed,2021-05-14 01:28:00,2021-05-16 12:10:00,14-05-2021 21:26,fullstack-phase-4,58.7,1.5381567939961216,False,58.7,False
6448.0,Student,Fullstack Program,Closed,2021-05-14 14:31:00,2021-05-16 12:41:00,14-05-2021 21:10,fullstack-phase-4,46.166666666666664,1.0269166612386713,False,46.166666666666664,False
6412.0,Student,Fullstack Program,Closed,2021-05-14 02:26:00,2021-05-14 19:05:00,14-05-2021 19:05,fullstack-phase-1,16.65,0.1770810450292061,False,16.65,False
6413.0,Working Professionals,Fullstack Program,Closed,2021-05-14 02:26:00,2021-05-14 20:38:00,14-05-2021 19:05,fullstack-phase-1,18.2,0.1138558690365959,False,18.2,False
6410.0,Student,Fullstack Program,Deleted,2021-05-14 01:46:00,2021-05-14 02:05:00,,fullstack-phase-3,0.31666666666666665,0.8433248350588616,False,0.31666666666666665,False
6435.0,Working Professionals,Backend Program,Closed,2021-05-14 13:16:00,2021-05-17 11:40:00,14-05-2021 15:04,system-issues,70.4,2.0154048966500175,False,70.4,False
6464.0,Student,Fullstack Program,Closed,2021-05-14 16:19:00,2021-05-16 12:40:00,14-05-2021 20:38,fullstack-phase-2,44.35,0.9528140356129241,False,44.35,False
6468.0,Working Professionals,Backend Program,Duplicate,2021-05-14 16:43:00,2021-05-17 11:44:00,,system-issues,67.01666666666667,1.877397254429589,False,67.01666666666667,False
6417.0,Student,Fellowship Program,Closed,2021-05-14 11:16:00,2021-05-14 19:05:00,14-05-2021 19:05,fellowship-phase-1,7.816666666666666,0.5373965641268769,False,7.816666666666666,False
6425.0,Working Professionals,Fullstack Program,Closed,2021-05-14 12:26:00,2021-05-17 11:40:00,14-05-2021 15:06,system-issues,71.23333333333333,2.0493969267535714,False,71.23333333333333,False
6422.0,Student,Fullstack Program,Closed,2021-05-14 12:03:00,2021-05-17 19:33:00,14-05-2021 12:14,system-issues,79.5,2.3865978653808257,False,79.5,False
6432.0,Working Professionals,Fullstack Program,Closed,2021-05-14 13:11:00,2021-05-16 12:43:00,14-05-2021 20:46,fullstack-phase-2,47.53333333333333,1.0826635906084996,False,47.53333333333333,False
6447.0,Working Professionals,Backend Program,Closed,2021-05-14 14:29:00,2021-05-17 11:40:00,14-05-2021 14:41,fullstack-phase-2,69.18333333333334,1.965776532698829,False,69.18333333333334,False
6461.0,Working Professionals,Fullstack Program,Closed,2021-05-14 15:53:00,2021-05-14 21:10:00,14-05-2021 16:33,fullstack-phase-3,5.283333333333333,0.6407323356416806,False,5.283333333333333,False
6426.0,Student,Fullstack Program,Closed,2021-05-14 12:41:00,2021-05-16 12:44:00,14-05-2021 20:40,fullstack-phase-4,48.05,1.103738649272703,False,48.05,False
6428.0,Student,Fullstack Program,Closed,2021-05-14 12:54:00,2021-05-14 21:14:00,14-05-2021 15:06,fullstack-phase-1,8.333333333333334,0.5163215054626735,False,8.333333333333334,False
6433.0,Working Professionals,Fullstack Program,Duplicate,2021-05-14 13:11:00,2021-05-14 20:46:00,,fullstack-phase-2,7.583333333333333,0.5469143325558721,False,7.583333333333333,False
6434.0,Working Professionals,Fullstack Program,Duplicate,2021-05-14 13:12:00,2021-05-14 20:47:00,,fullstack-phase-2,7.583333333333333,0.5469143325558721,False,7.583333333333333,False
6441.0,Working Professionals,Backend Program,Closed,2021-05-14 14:03:00,2021-05-16 21:20:00,14-05-2021 15:42,backend-phase-3,55.28333333333333,1.3987894705715505,False,55.28333333333333,False
6455.0,Working Professionals,Backend Program,Deleted,2021-05-14 15:16:00,2021-05-14 15:17:00,,system-issues,0.016666666666666666,0.855561965896141,False,0.016666666666666666,False
6451.0,Working Professionals,Backend Program,Closed,2021-05-14 14:56:00,2021-05-17 11:40:00,14-05-2021 15:13,system-issues,68.73333333333333,1.9474208364429098,False,68.73333333333333,False
6467.0,Working Professionals,Backend Program,Closed,2021-05-14 16:43:00,2021-05-16 12:40:00,14-05-2021 20:37,fullstack-phase-2,43.95,0.9364978611632183,False,43.95,False
6469.0,Working Professionals,Backend Program,Deleted,2021-05-14 16:44:00,2021-05-14 17:14:00,,system-issues,0.5,0.8358465884360797,False,0.5,False
6475.0,Working Professionals,Fullstack Program,Closed,2021-05-14 18:00:00,2021-05-17 11:44:00,14-05-2021 18:13,system-issues,65.73333333333333,1.825049528070116,False,65.73333333333333,False
6470.0,Working Professionals,Backend Program,Duplicate,2021-05-14 16:45:00,2021-05-17 11:43:00,,system-issues,66.96666666666667,1.8753577326233757,False,66.96666666666667,False
6466.0,Working Professionals,Backend Program,Closed,2021-05-14 16:41:00,2021-05-17 11:42:00,14-05-2021 16:55,system-issues,67.01666666666667,1.877397254429589,False,67.01666666666667,False
6505.0,Working Professionals,Backend Program,Closed,2021-05-14 20:38:00,2021-05-19 10:54:00,14-05-2021 20:44,backend-phase1,110.26666666666667,3.641583616804034,True,86.10624999999999,True
6506.0,Working Professionals,Backend Program,Duplicate,2021-05-14 20:39:00,2021-05-17 22:19:00,,backend-phase1,73.66666666666667,2.148653654655949,False,73.66666666666667,False
6525.0,Student,Fullstack Program,Closed,2021-05-14 23:03:00,2021-05-21 17:53:00,15-05-2021 11:38,fullstack-phase-1,162.83333333333334,5.785800875736212,True,86.10624999999999,True
6529.0,Working Professionals,Backend Program,Closed,2021-05-14 23:10:00,2021-05-16 21:21:00,16-05-2021 21:21,backend-phase2,46.18333333333333,1.0275965018407425,False,46.18333333333333,False
6485.0,Working Professionals,Backend Program,Deleted,2021-05-14 19:34:00,2021-05-14 20:03:00,,backend-phase-3,0.48333333333333334,0.8365264290381508,False,0.48333333333333334,False
6527.0,Working Professionals,Backend Program,Deleted,2021-05-14 23:08:00,2021-05-14 23:09:00,,backend-phase2,0.016666666666666666,0.855561965896141,False,0.016666666666666666,False
6532.0,Working Professionals,Fullstack Program,Closed,2021-05-15 01:23:00,2021-05-16 21:08:00,15-05-2021 14:23,fullstack-phase-2,43.75,0.9283397739383653,False,43.75,False
6537.0,Student,Fullstack Program,Deleted,2021-05-15 07:52:00,2021-05-15 08:17:00,,fullstack-phase-3,0.4166666666666667,0.8392457914464351,False,0.4166666666666667,False
6548.0,Student,Fullstack Program,Closed,2021-05-15 10:38:00,2021-05-18 19:15:00,15-05-2021 12:28,trial phase,80.61666666666666,2.4321471857195873,False,80.61666666666666,False
6487.0,Working Professionals,Fullstack Program,Closed,2021-05-14 19:39:00,2021-05-17 11:44:00,14-05-2021 20:08,system-issues,64.08333333333333,1.7577453084650791,False,64.08333333333333,False
6490.0,Working Professionals,Backend Program,Closed,2021-05-14 19:51:00,2021-05-17 11:46:00,14-05-2021 20:42,backend-phase1,63.916666666666664,1.7509469024443685,False,63.916666666666664,False
6501.0,Student,Fullstack Program,Closed,2021-05-14 20:20:00,2021-05-16 12:44:00,14-05-2021 20:31,fullstack-phase-2,40.4,0.7916918129220787,False,40.4,False
6549.0,Student,Fullstack Program,Closed,2021-05-15 10:50:00,2021-05-17 11:50:00,15-05-2021 12:27,fullstack-phase-2,49.0,1.1424895635907546,False,49.0,False
6502.0,Working Professionals,Fullstack Program,Closed,2021-05-14 20:23:00,2021-05-14 21:26:00,14-05-2021 20:29,fullstack-phase-1,1.05,0.8134118485677342,False,1.05,False
6530.0,Working Professionals,Fullstack Program,Closed,2021-05-15 01:14:00,2021-05-16 17:00:00,15-05-2021 14:27,fullstack-phase-1,39.766666666666666,0.7658578700433778,False,39.766666666666666,False
6535.0,Working Professionals,Backend Program,Duplicate,2021-05-15 07:22:00,2021-05-16 21:25:00,,backend-phase2,38.05,0.6958342880300568,False,38.05,False
6556.0,Working Professionals,Fullstack Program,Closed,2021-05-15 12:27:00,2021-05-16 12:32:00,15-05-2021 12:32,fullstack-phase-2,24.083333333333332,0.12612786349449429,False,24.083333333333332,False
6479.0,Student,Fullstack Program,Closed,2021-05-14 19:03:00,2021-05-16 12:38:00,14-05-2021 20:28,fullstack-phase-2,41.583333333333336,0.8399604956691253,False,41.583333333333336,False
6488.0,Working Professionals,Fellowship Program,Deleted,2021-05-14 19:43:00,2021-05-14 19:43:00,,fellowship-phase-1,0.0,0.856241806498212,False,0.0,False
6489.0,Working Professionals,Fellowship Program,Closed,2021-05-14 19:43:00,2021-05-17 22:19:00,16-05-2021 12:08,fellowship-phase-1,74.6,2.186724728371929,False,74.6,False
6507.0,Working Professionals,Backend Program,Duplicate,2021-05-14 20:39:00,2021-05-17 22:19:00,,backend-phase1,73.66666666666667,2.148653654655949,False,73.66666666666667,False
6478.0,Working Professionals,Fullstack Program,Closed,2021-05-14 18:45:00,2021-05-16 20:38:00,14-05-2021 21:01,fullstack-phase-4,49.88333333333333,1.1785211155005215,False,49.88333333333333,False
6500.0,Working Professionals,Backend Program,Closed,2021-05-14 20:10:00,2021-05-17 11:47:00,14-05-2021 20:11,backend-phase2,63.61666666666667,1.7387097716070892,False,63.61666666666667,False
6510.0,Student,Fullstack Program,Duplicate,2021-05-14 21:11:00,2021-05-17 11:48:00,14-05-2021 23:08,trial phase,62.61666666666667,1.6979193354828246,False,62.61666666666667,False
6543.0,Student,Fullstack Program,Closed,2021-05-15 09:21:00,2021-05-15 14:17:00,15-05-2021 14:17,fullstack-phase-3,4.933333333333334,0.6550089882851732,False,4.933333333333334,False
6503.0,Working Professionals,Fullstack Program,Closed,2021-05-14 20:31:00,2021-05-14 21:06:00,14-05-2021 20:34,fullstack-phase-2,0.5833333333333334,0.8324473854257244,False,0.5833333333333334,False
6508.0,Working Professionals,Backend Program,Closed,2021-05-14 20:40:00,2021-05-18 22:11:00,14-05-2021 22:35,system-issues,97.51666666666667,3.12150555621966,True,86.10624999999999,True
6509.0,Student,Fullstack Program,Closed,2021-05-14 21:03:00,2021-05-17 11:48:00,14-05-2021 22:00,fullstack-phase-2,62.75,1.7033580602993932,False,62.75,False
6518.0,Working Professionals,Fullstack Program,Duplicate,2021-05-14 21:51:00,2021-05-14 21:55:00,,fullstack-phase-1,0.06666666666666667,0.8535224440899277,False,0.06666666666666667,False
6533.0,Working Professionals,Fullstack Program,Closed,2021-05-15 03:23:00,2021-05-16 12:48:00,15-05-2021 11:59,fullstack-phase-2,33.416666666666664,0.5068386006542974,False,33.416666666666664,False
6519.0,Working Professionals,Fullstack Program,Closed,2021-05-14 21:52:00,2021-05-16 12:37:00,14-05-2021 21:55,fullstack-phase-1,38.75,0.7243875933170422,False,38.75,False
6526.0,Student,Fullstack Program,Duplicate,2021-05-14 23:05:00,2021-05-15 14:31:00,,fullstack-phase-1,15.433333333333334,0.22670940898039466,False,15.433333333333334,False
6541.0,Student,Fullstack Program,Closed,2021-05-15 09:10:00,2021-05-16 12:48:00,15-05-2021 11:46,fullstack-phase-1,27.633333333333333,0.27093391173563375,False,27.633333333333333,False
6542.0,Student,Fullstack Program,Deleted,2021-05-15 09:15:00,2021-05-15 09:20:00,,fullstack-phase-3,0.08333333333333333,0.8528426034878567,False,0.08333333333333333,False
6547.0,Working Professionals,Fullstack Program,Closed,2021-05-15 10:37:00,2021-05-16 12:48:00,16-05-2021 12:39,fullstack-phase-2,26.183333333333334,0.21178777935545004,False,26.183333333333334,False
6534.0,Working Professionals,Backend Program,Deleted,2021-05-15 07:20:00,2021-05-15 07:21:00,,backend-phase2,0.016666666666666666,0.855561965896141,False,0.016666666666666666,False
6545.0,Working Professionals,Backend Program,Closed,2021-05-15 10:14:00,2021-05-17 11:49:00,15-05-2021 10:36,system-issues,49.583333333333336,1.1662839846632422,False,49.583333333333336,False
6550.0,Working Professionals,Backend Program,Closed,2021-05-15 11:19:00,2021-05-16 21:22:00,16-05-2021 12:07,backend-phase2,34.05,0.5326725435329983,False,34.05,False
6561.0,Working Professionals,Fullstack Program,Deleted,2021-05-15 13:23:00,2021-05-15 13:52:00,,fullstack-phase-3,0.48333333333333334,0.8365264290381508,False,0.48333333333333334,False
6568.0,Working Professionals,Fellowship Program,Deleted,2021-05-15 14:44:00,2021-05-15 15:04:00,,fellowship-phase-1,0.3333333333333333,0.8426449944567905,False,0.3333333333333333,False
6536.0,Working Professionals,Backend Program,Closed,2021-05-15 07:32:00,2021-05-17 22:20:00,15-05-2021 14:18,backend-phase2,62.8,1.7053975821056062,False,62.8,False
6555.0,Working Professionals,Fullstack Program,Closed,2021-05-15 12:27:00,2021-05-15 14:14:00,15-05-2021 12:45,fullstack-phase-2,1.7833333333333334,0.7834988620766067,False,1.7833333333333334,False
6567.0,Working Professionals,Backend Program,Deleted,2021-05-15 14:43:00,2021-05-15 14:43:00,,trial phase,0.0,0.856241806498212,False,0.0,False
6622.0,Working Professionals,Backend Program,Closed,2021-05-16 12:08:00,2021-05-17 11:52:00,16-05-2021 12:08,backend-phase-3,23.733333333333334,0.11185121085100175,False,23.733333333333334,False
6646.0,Working Professionals,Fullstack Program,Closed,2021-05-16 12:10:00,2021-05-18 20:12:00,16-05-2021 12:10,fullstack-phase-1,56.03333333333333,1.429382297664749,False,56.03333333333333,False
6553.0,Working Professionals,Fullstack Program,Closed,2021-05-15 12:09:00,2021-05-17 11:50:00,16-05-2021 12:07,fellowship-phase-1,47.68333333333333,1.0887821560271393,False,47.68333333333333,False
6558.0,Student,Fullstack Program,Closed,2021-05-15 12:47:00,2021-05-16 12:32:00,15-05-2021 14:12,fullstack-phase-3,23.75,0.11253105145307278,False,23.75,False
6559.0,Student,Fullstack Program,Closed,2021-05-15 12:50:00,2021-05-16 12:32:00,16-05-2021 12:08,fullstack-phase-3,23.7,0.11049152964685953,False,23.7,False
6565.0,Student,Backend Program,Closed,2021-05-15 14:24:00,2021-05-18 20:37:00,15-05-2021 14:46,backend-phase1,78.21666666666667,2.3342501390213526,False,78.21666666666667,False
6554.0,Working Professionals,Fullstack Program,Deleted,2021-05-15 12:13:00,2021-05-15 12:42:00,,fullstack-phase-1,0.48333333333333334,0.8365264290381508,False,0.48333333333333334,False
6575.0,Working Professionals,Fellowship Program,Closed,2021-05-15 15:06:00,2021-05-18 19:14:00,18-05-2021 19:11,fellowship-phase-1,76.13333333333334,2.2492700637624683,False,76.13333333333334,False
6617.0,Working Professionals,Backend Program,Closed,2021-05-16 12:07:00,2021-05-18 11:13:00,16-05-2021 12:10,trial phase,47.1,1.064987734954652,False,47.1,False
6621.0,Working Professionals,Fullstack Program,Closed,2021-05-16 12:08:00,2021-05-17 11:52:00,16-05-2021 12:27,system-issues,23.733333333333334,0.11185121085100175,False,23.733333333333334,False
6636.0,Working Professionals,Fullstack Program,Closed,2021-05-16 12:09:00,2021-05-17 19:33:00,16-05-2021 12:09,system-issues,31.4,0.4245778878036971,False,31.4,False
6577.0,Working Professionals,Backend Program,Closed,2021-05-15 15:25:00,2021-05-17 22:23:00,15-05-2021 15:47,backend-phase2,54.96666666666667,1.3858724991322002,False,54.96666666666667,False
6615.0,Student,Fullstack Program,Closed,2021-05-16 12:07:00,2021-05-16 12:31:00,16-05-2021 12:09,fullstack-phase-1,0.4,0.8399256320485062,False,0.4,False
6620.0,Working Professionals,Backend Program,Closed,2021-05-16 12:08:00,2021-05-17 11:52:00,16-05-2021 12:11,backend-phase1,23.733333333333334,0.11185121085100175,False,23.733333333333334,False
6623.0,Working Professionals,Fullstack Program,Closed,2021-05-16 12:08:00,2021-05-18 19:14:00,16-05-2021 14:59,fullstack-phase-3,55.1,1.3913112239487688,False,55.1,False
6624.0,Student,Fullstack Program,Closed,2021-05-16 12:08:00,2021-05-18 19:14:00,18-05-2021 19:13,fullstack-phase-1,55.1,1.3913112239487688,False,55.1,False
6629.0,Student,Fullstack Program,Closed,2021-05-16 12:08:00,2021-05-18 18:47:00,16-05-2021 12:08,system-issues,54.65,1.3729555276928496,False,54.65,False
6616.0,Student,Fullstack Program,Closed,2021-05-16 12:07:00,2021-05-18 19:14:00,16-05-2021 12:08,fullstack-phase-1,55.11666666666667,1.3919910645508398,False,55.11666666666667,False
6625.0,Student,Fullstack Program,Resolved,2021-05-16 12:08:00,2021-05-18 22:10:00,18-05-2021 19:15,fullstack-phase-1,58.03333333333333,1.5109631699132782,False,58.03333333333333,False
6633.0,Student,Fullstack Program,Closed,2021-05-16 12:09:00,2021-05-20 11:24:00,16-05-2021 20:20,fullstack-phase-4,95.25,3.0290472343379933,True,86.10624999999999,True
6641.0,Student,Fullstack Program,Closed,2021-05-16 12:10:00,2021-05-16 19:25:00,16-05-2021 12:10,fullstack-phase-2,7.25,0.5605111445972936,False,7.25,False
6618.0,Working Professionals,Backend Program,Duplicate,2021-05-16 12:07:00,2021-05-18 11:13:00,16-05-2021 12:10,trial phase,47.1,1.064987734954652,False,47.1,False
6619.0,Working Professionals,Fullstack Program,Closed,2021-05-16 12:08:00,2021-05-16 12:31:00,16-05-2021 12:31,fullstack-phase-3,0.38333333333333336,0.8406054726505773,False,0.38333333333333336,False
6628.0,Working Professionals,Backend Program,Closed,2021-05-16 12:08:00,2021-05-16 12:51:00,16-05-2021 12:09,fullstack-phase-2,0.7166666666666667,0.8270086606091558,False,0.7166666666666667,False
6631.0,Student,Fullstack Program,Closed,2021-05-16 12:09:00,2021-05-17 11:54:00,16-05-2021 12:09,fullstack-phase-1,23.75,0.11253105145307278,False,23.75,False
6640.0,Student,Fullstack Program,Closed,2021-05-16 12:09:00,2021-05-18 20:11:00,16-05-2021 19:27,fullstack-phase-4,56.03333333333333,1.429382297664749,False,56.03333333333333,False
6651.0,Student,Fullstack Program,Deleted,2021-05-16 12:11:00,2021-05-16 12:23:00,,fullstack-phase-1,0.2,0.8480837192733591,False,0.2,False
6632.0,Student,Fullstack Program,Deleted,2021-05-16 12:09:00,2021-05-16 16:56:00,,system-issues,4.783333333333333,0.661127553703813,False,4.783333333333333,False
6635.0,Student,Fullstack Program,Closed,2021-05-16 12:09:00,2021-05-16 15:37:00,16-05-2021 15:13,fullstack-phase-3,3.466666666666667,0.714834961267428,False,3.466666666666667,False
6639.0,Working Professionals,Backend Program,Closed,2021-05-16 12:09:00,2021-05-17 11:55:00,16-05-2021 12:10,trial phase,23.766666666666666,0.11321089205514383,False,23.766666666666666,False
6642.0,Working Professionals,Backend Program,Closed,2021-05-16 12:10:00,2021-05-20 11:24:00,16-05-2021 12:11,backend-phase2,95.23333333333333,3.0283673937359223,True,86.10624999999999,True
6649.0,Working Professionals,Fullstack Program,Closed,2021-05-16 12:10:00,2021-05-18 23:27:00,18-05-2021 19:13,fullstack-phase-2,59.28333333333333,1.561951215068609,False,59.28333333333333,False
6626.0,Student,Fullstack Program,Duplicate,2021-05-16 12:08:00,2021-05-18 11:14:00,,fullstack-phase-4,47.1,1.064987734954652,False,47.1,False
6630.0,Working Professionals,Backend Program,Closed,2021-05-16 12:08:00,2021-05-17 11:54:00,16-05-2021 12:10,system-issues,23.766666666666666,0.11321089205514383,False,23.766666666666666,False
6634.0,Working Professionals,Backend Program,Closed,2021-05-16 12:09:00,2021-05-17 11:54:00,16-05-2021 12:09,backend-phase2,23.75,0.11253105145307278,False,23.75,False
6637.0,Working Professionals,Fullstack Program,Closed,2021-05-16 12:09:00,2021-05-18 22:08:00,18-05-2021 22:08,trial phase,57.983333333333334,1.5089236481070651,False,57.983333333333334,False
6638.0,Working Professionals,Backend Program,Closed,2021-05-16 12:09:00,2021-05-17 11:55:00,17-05-2021 07:56,backend-phase2,23.766666666666666,0.11321089205514383,False,23.766666666666666,False
6647.0,Working Professionals,Backend Program,Closed,2021-05-16 12:10:00,2021-05-17 11:57:00,17-05-2021 11:57,trial phase,23.783333333333335,0.11389073265721501,False,23.783333333333335,False
6644.0,Student,Fullstack Program,Closed,2021-05-16 12:10:00,2021-05-16 19:24:00,16-05-2021 12:28,fullstack-phase-2,7.233333333333333,0.5611909851993645,False,7.233333333333333,False
6652.0,Working Professionals,Backend Program,Closed,2021-05-16 12:11:00,2021-05-16 21:25:00,16-05-2021 12:11,backend-phase2,9.233333333333333,0.4796101129508354,False,9.233333333333333,False
6653.0,Working Professionals,Fullstack Program,Closed,2021-05-16 12:11:00,2021-05-16 21:42:00,16-05-2021 12:11,system-issues,9.516666666666667,0.468052822715627,False,9.516666666666667,False
6656.0,Working Professionals,Fullstack Program,Closed,2021-05-16 12:11:00,2021-05-16 21:42:00,16-05-2021 17:03,fullstack-phase-2,9.516666666666667,0.468052822715627,False,9.516666666666667,False
6661.0,Working Professionals,Fullstack Program,Duplicate,2021-05-16 12:11:00,2021-05-16 14:18:00,16-05-2021 14:18,fullstack-phase-1,2.1166666666666667,0.7699020500351852,False,2.1166666666666667,False
6643.0,Working Professionals,Backend Program,Closed,2021-05-16 12:10:00,2021-05-17 11:57:00,16-05-2021 12:11,backend-phase1,23.783333333333335,0.11389073265721501,False,23.783333333333335,False
6648.0,Working Professionals,Fullstack Program,Duplicate,2021-05-16 12:10:00,2021-05-16 12:25:00,,fullstack-phase-1,0.25,0.8460441974671459,False,0.25,False
6660.0,Working Professionals,Fullstack Program,Duplicate,2021-05-16 12:11:00,2021-05-16 14:18:00,,fullstack-phase-1,2.1166666666666667,0.7699020500351852,False,2.1166666666666667,False
6664.0,Working Professionals,Fullstack Program,Closed,2021-05-16 12:13:00,2021-05-16 21:40:00,16-05-2021 12:20,fullstack-phase-2,9.45,0.4707721851239114,False,9.45,False
6682.0,Working Professionals,Fullstack Program,Closed,2021-05-16 14:58:00,2021-05-18 19:13:00,16-05-2021 15:02,fullstack-phase-2,52.25,1.2750584809946146,False,52.25,False
6645.0,Working Professionals,Backend Program,Closed,2021-05-16 12:10:00,2021-05-18 21:22:00,16-05-2021 12:10,trial phase,57.2,1.4769711398097245,False,57.2,False
6662.0,Working Professionals,Backend Program,Closed,2021-05-16 12:11:00,2021-05-16 21:41:00,16-05-2021 17:02,system-issues,9.5,0.4687326633176981,False,9.5,False
6665.0,Student,Fullstack Program,Closed,2021-05-16 12:24:00,2021-05-16 21:40:00,16-05-2021 19:24,fullstack-phase-1,9.266666666666667,0.4782504317466931,False,9.266666666666667,False
6667.0,Working Professionals,Backend Program,Closed,2021-05-16 12:56:00,2021-05-16 21:25:00,16-05-2021 13:07,backend-phase-3,8.483333333333333,0.5102029400440339,False,8.483333333333333,False
6670.0,Working Professionals,Backend Program,Closed,2021-05-16 13:32:00,2021-05-17 22:35:00,16-05-2021 14:02,backend-phase1,33.05,0.49188210740873367,False,33.05,False
6672.0,Working Professionals,Fullstack Program,Closed,2021-05-16 13:41:00,2021-05-17 12:01:00,16-05-2021 18:53,fullstack-phase-2,22.333333333333332,0.05474460027703119,False,22.333333333333332,False
6657.0,Working Professionals,Fullstack Program,Duplicate,2021-05-16 12:11:00,2021-05-17 12:05:00,17-05-2021 12:05,fullstack-phase-1,23.9,0.11864961687171242,False,23.9,False
6658.0,Working Professionals,Fullstack Program,Closed,2021-05-16 12:11:00,2021-05-17 11:59:00,16-05-2021 14:19,fullstack-phase-1,23.8,0.11457057325928605,False,23.8,False
6659.0,Working Professionals,Fullstack Program,Closed,2021-05-16 12:11:00,2021-05-17 11:59:00,16-05-2021 14:16,fullstack-phase-1,23.8,0.11457057325928605,False,23.8,False
6671.0,Working Professionals,Backend Program,Closed,2021-05-16 13:39:00,2021-05-17 12:01:00,16-05-2021 17:51,trial phase,22.366666666666667,0.05610428148117341,False,22.366666666666667,False
6683.0,Working Professionals,Fullstack Program,Closed,2021-05-16 14:59:00,2021-05-16 19:21:00,16-05-2021 18:38,fullstack-phase-4,4.366666666666666,0.6781235687555899,False,4.366666666666666,False
6685.0,Student,Backend Program,Closed,2021-05-16 15:17:00,2021-05-16 19:19:00,16-05-2021 16:59,trial phase,4.033333333333333,0.6917203807970115,False,4.033333333333333,False
6666.0,Working Professionals,Fullstack Program,Closed,2021-05-16 12:34:00,2021-05-16 21:39:00,16-05-2021 15:01,fullstack-phase-2,9.083333333333334,0.48572867836947503,False,9.083333333333334,False
6675.0,Working Professionals,Backend Program,Closed,2021-05-16 13:58:00,2021-05-17 22:35:00,16-05-2021 14:00,backend-phase1,32.61666666666667,0.4742062517548858,False,32.61666666666667,False
6679.0,Working Professionals,Backend Program,Deleted,2021-05-16 14:52:00,2021-05-16 15:25:00,,trial phase,0.55,0.8338070666298665,False,0.55,False
6730.0,Working Professionals,Backend Program,Duplicate,2021-05-16 19:42:00,2021-05-16 21:16:00,,backend-phase2,1.5666666666666667,0.7923367899035308,False,1.5666666666666667,False
6650.0,Working Professionals,Fullstack Program,Closed,2021-05-16 12:11:00,2021-05-18 20:38:00,18-05-2021 19:15,fullstack-phase-1,56.45,1.4463783127165262,False,56.45,False
6654.0,Working Professionals,Fullstack Program,Duplicate,2021-05-16 12:11:00,2021-05-16 14:19:00,,fullstack-phase-2,2.1333333333333333,0.7692222094331141,False,2.1333333333333333,False
6663.0,Working Professionals,Backend Program,Closed,2021-05-16 12:12:00,2021-05-17 12:00:00,16-05-2021 12:12,backend-phase2,23.8,0.11457057325928605,False,23.8,False
6708.0,Working Professionals,Fullstack Program,Closed,2021-05-16 18:17:00,2021-05-16 19:17:00,16-05-2021 19:17,trial phase,1.0,0.8154513703739474,False,1.0,False
6710.0,Working Professionals,Backend Program,Closed,2021-05-16 18:21:00,2021-05-18 23:28:00,16-05-2021 21:09,fullstack-phase-2,53.11666666666667,1.3104101923023106,False,53.11666666666667,False
6720.0,Working Professionals,Backend Program,Closed,2021-05-16 19:13:00,2021-05-16 21:18:00,16-05-2021 19:20,backend-phase2,2.0833333333333335,0.7712617312393275,False,2.0833333333333335,False
6669.0,Working Professionals,Fullstack Program,Closed,2021-05-16 13:13:00,2021-05-19 10:12:00,18-05-2021 19:15,fullstack-phase-1,68.98333333333333,1.957618445473976,False,68.98333333333333,False
6686.0,Student,Fellowship Program,Closed,2021-05-16 15:22:00,2021-05-18 19:13:00,17-05-2021 00:13,fellowship-phase-1,51.85,1.2587423065449088,False,51.85,False
6691.0,Working Professionals,Fellowship Program,Closed,2021-05-16 15:43:00,2021-05-18 11:24:00,18-05-2021 19:13,fellowship-phase-1,43.68333333333333,0.9256204115300808,False,43.68333333333333,False
6673.0,Working Professionals,Fullstack Program,Closed,2021-05-16 13:55:00,2021-05-18 19:13:00,16-05-2021 18:24,fullstack-phase-2,53.3,1.3178884389250922,False,53.3,False
6680.0,Working Professionals,Fullstack Program,Closed,2021-05-16 14:53:00,2021-05-16 15:38:00,16-05-2021 15:06,fullstack-phase-2,0.75,0.8256489794050136,False,0.75,False
6684.0,Working Professionals,Backend Program,Closed,2021-05-16 15:03:00,2021-05-17 12:03:00,16-05-2021 15:22,backend-phase-3,21.0,0.00035735211134507017,False,21.0,False
6700.0,Working Professionals,Backend Program,Closed,2021-05-16 16:30:00,2021-05-16 21:27:00,16-05-2021 16:32,backend-phase2,4.95,0.6543291476831021,False,4.95,False
6702.0,Working Professionals,Fullstack Program,Closed,2021-05-16 17:17:00,2021-05-16 17:59:00,16-05-2021 17:18,fullstack-phase-3,0.7,0.8276885012112268,False,0.7,False
6677.0,Student,Fellowship Program,Closed,2021-05-16 14:49:00,2021-05-17 22:35:00,18-05-2021 19:12,fellowship-phase-1,31.766666666666666,0.43953438104926085,False,31.766666666666666,False
6687.0,Student,Fellowship Program,Duplicate,2021-05-16 15:22:00,2021-05-18 23:28:00,,fellowship-phase-1,56.1,1.4321016600730334,False,56.1,False
6690.0,Student,Fellowship Program,Closed,2021-05-16 15:43:00,2021-05-18 17:06:00,18-05-2021 19:24,fellowship-phase-1,49.38333333333333,1.1581258974383892,False,49.38333333333333,False
6701.0,Working Professionals,Fullstack Program,Closed,2021-05-16 16:47:00,2021-05-16 16:59:00,16-05-2021 16:59,fullstack-phase-3,0.2,0.8480837192733591,False,0.2,False
6711.0,Working Professionals,Backend Program,Closed,2021-05-16 18:33:00,2021-05-16 21:36:00,16-05-2021 18:44,system-issues,3.05,0.7318309763192049,False,3.05,False
6698.0,Working Professionals,Backend Program,Closed,2021-05-16 16:21:00,2021-05-16 21:37:00,16-05-2021 17:01,system-issues,5.266666666666667,0.6414121762437517,False,5.266666666666667,False
6709.0,Student,Fullstack Program,Closed,2021-05-16 18:19:00,2021-05-17 12:06:00,17-05-2021 12:06,trial phase,17.783333333333335,0.13085188408837273,False,17.783333333333335,False
6713.0,Working Professionals,Fullstack Program,Closed,2021-05-16 18:43:00,2021-05-16 21:36:00,16-05-2021 19:25,trial phase,2.8833333333333333,0.7386293823399157,False,2.8833333333333333,False
6718.0,Working Professionals,Backend Program,Closed,2021-05-16 18:53:00,2021-05-16 21:33:00,16-05-2021 21:33,backend-phase1,2.6666666666666665,0.7474673101668396,False,2.6666666666666665,False
6688.0,Working Professionals,Fellowship Program,Closed,2021-05-16 15:29:00,2021-05-17 22:34:00,17-05-2021 00:13,fellowship-phase-1,31.083333333333332,0.41166091636434665,False,31.083333333333332,False
6724.0,Working Professionals,Backend Program,Closed,2021-05-16 19:29:00,2021-05-17 19:33:00,18-05-2021 18:19,system-issues,24.066666666666666,0.12544802289242324,False,24.066666666666666,False
6750.0,Working Professionals,Fullstack Program,Closed,2021-05-16 22:02:00,2021-05-18 19:12:00,18-05-2021 19:13,fullstack-phase-2,45.166666666666664,0.9861262251144067,False,45.166666666666664,False
6699.0,Student,Backend Program,Closed,2021-05-16 16:25:00,2021-05-16 21:24:00,16-05-2021 16:30,backend-phase2,4.983333333333333,0.6529694664789599,False,4.983333333333333,False
6704.0,Working Professionals,Backend Program,Closed,2021-05-16 17:26:00,2021-05-16 19:18:00,16-05-2021 19:18,trial phase,1.8666666666666667,0.7800996590662513,False,1.8666666666666667,False
6706.0,Working Professionals,Fullstack Program,Deleted,2021-05-16 18:12:00,2021-05-16 18:21:00,,fullstack-phase-2,0.15,0.8501232410795724,False,0.15,False
6715.0,Working Professionals,Backend Program,Closed,2021-05-16 18:47:00,2021-05-16 21:27:00,16-05-2021 18:47,backend-phase2,2.6666666666666665,0.7474673101668396,False,2.6666666666666665,False
6717.0,Working Professionals,Backend Program,Closed,2021-05-16 18:48:00,2021-05-16 21:34:00,16-05-2021 21:34,backend-phase1,2.7666666666666666,0.7433882665544133,False,2.7666666666666666,False
6728.0,Working Professionals,Backend Program,Duplicate,2021-05-16 19:42:00,2021-05-16 21:18:00,,backend-phase2,1.6,0.7909771086993885,False,1.6,False
6748.0,Working Professionals,Backend Program,Closed,2021-05-16 20:49:00,2021-05-21 17:44:00,18-05-2021 18:16,backend-phase-3,116.91666666666667,3.9128400170303936,True,86.10624999999999,True
6761.0,Working Professionals,Fullstack Program,Closed,2021-05-17 03:27:00,2021-05-18 19:12:00,18-05-2021 18:19,fullstack-phase-1,39.75,0.7651780294413068,False,39.75,False
6716.0,Working Professionals,Backend Program,Closed,2021-05-16 18:47:00,2021-05-16 21:34:00,16-05-2021 18:47,backend-phase1,2.783333333333333,0.7427084259523422,False,2.783333333333333,False
6719.0,Working Professionals,Backend Program,Closed,2021-05-16 19:12:00,2021-05-16 21:15:00,16-05-2021 21:15,backend-phase2,2.05,0.7726214124434695,False,2.05,False
6739.0,Student,Backend Program,Closed,2021-05-16 20:10:00,2021-05-18 21:52:00,16-05-2021 21:17,backend-phase2,49.7,1.17104286887774,False,49.7,False
6751.0,Working Professionals,Fullstack Program,Closed,2021-05-16 22:03:00,2021-05-18 11:27:00,18-05-2021 19:13,fullstack-phase-2,37.4,0.6693205045492848,False,37.4,False
6752.0,Working Professionals,Fullstack Program,Closed,2021-05-16 22:05:00,2021-05-18 11:27:00,18-05-2021 19:13,fullstack-phase-2,37.36666666666667,0.6679608233451427,False,37.36666666666667,False
6754.0,Working Professionals,Backend Program,Closed,2021-05-16 22:42:00,2021-05-18 15:17:00,18-05-2021 18:17,backend-phase2,40.583333333333336,0.7991700595448608,False,40.583333333333336,False
6723.0,Student,Fellowship Program,Resolved,2021-05-16 19:29:00,2021-05-16 21:32:00,16-05-2021 19:40,system-issues,2.05,0.7726214124434695,False,2.05,False
6727.0,Student,Fullstack Program,Duplicate,2021-05-16 19:40:00,2021-05-16 20:26:00,,fullstack-phase-2,0.7666666666666667,0.8249691388029425,False,0.7666666666666667,False
6729.0,Working Professionals,Backend Program,Duplicate,2021-05-16 19:42:00,2021-05-16 21:17:00,16-05-2021 21:17,backend-phase2,1.5833333333333333,0.7916569493014598,False,1.5833333333333333,False
6741.0,Working Professionals,Backend Program,Closed,2021-05-16 20:14:00,2021-05-17 22:33:00,16-05-2021 20:17,backend-phase1,26.316666666666666,0.21722650417201864,False,26.316666666666666,False
6757.0,Student,Fullstack Program,Closed,2021-05-17 00:26:00,2021-05-17 12:10:00,17-05-2021 07:55,fullstack-phase-1,11.733333333333333,0.3776340226401738,False,11.733333333333333,False
6732.0,Working Professionals,Fullstack Program,Deleted,2021-05-16 19:44:00,2021-05-16 19:54:00,,fullstack-phase-1,0.16666666666666666,0.8494434004775012,False,0.16666666666666666,False
6744.0,Working Professionals,Backend Program,Closed,2021-05-16 20:31:00,2021-05-16 21:16:00,16-05-2021 20:34,backend-phase-3,0.75,0.8256489794050136,False,0.75,False
6745.0,Student,Fullstack Program,Closed,2021-05-16 20:38:00,2021-05-18 17:16:00,18-05-2021 19:24,fullstack-phase-1,44.63333333333333,0.9643713258481323,False,44.63333333333333,False
6731.0,Working Professionals,Backend Program,Duplicate,2021-05-16 19:42:00,2021-05-16 21:14:00,,backend-phase2,1.5333333333333334,0.7936964711076728,False,1.5333333333333334,False
6736.0,Working Professionals,Fullstack Program,Closed,2021-05-16 19:54:00,2021-05-17 12:07:00,16-05-2021 21:22,fullstack-phase-2,16.216666666666665,0.19475690068305412,False,16.216666666666665,False
6738.0,Student,Backend Program,Deleted,2021-05-16 20:06:00,2021-05-16 20:06:00,,backend-phase2,0.0,0.856241806498212,False,0.0,False
6743.0,Student,Fullstack Program,Closed,2021-05-16 20:28:00,2021-05-18 19:12:00,16-05-2021 21:31,fullstack-phase-3,46.733333333333334,1.050031241709088,False,46.733333333333334,False
6756.0,Working Professionals,Fullstack Program,Closed,2021-05-16 23:22:00,2021-05-19 10:57:00,18-05-2021 18:20,fullstack-phase-2,59.583333333333336,1.5741883459058885,False,59.583333333333336,False
6734.0,Working Professionals,Fullstack Program,Deleted,2021-05-16 19:45:00,2021-05-16 19:54:00,,fullstack-phase-1,0.15,0.8501232410795724,False,0.15,False
6737.0,Student,Fullstack Program,Closed,2021-05-16 19:58:00,2021-05-19 17:12:00,16-05-2021 20:16,fullstack-phase-2,69.23333333333333,1.967816054505042,False,69.23333333333333,False
6742.0,Working Professionals,Backend Program,Closed,2021-05-16 20:21:00,2021-05-17 12:08:00,17-05-2021 12:08,backend-phase2,15.783333333333333,0.21243275633690206,False,15.783333333333333,False
6747.0,Student,Fullstack Program,Closed,2021-05-16 20:42:00,2021-05-18 21:53:00,16-05-2021 21:12,fullstack-phase-2,49.18333333333333,1.1499678102135362,False,49.18333333333333,False
6764.0,Working Professionals,Fullstack Program,Closed,2021-05-17 03:42:00,2021-05-18 15:09:00,18-05-2021 19:15,fullstack-phase-1,35.45,0.589779154106969,False,35.45,False
6770.0,Student,Fullstack Program,Deleted,2021-05-17 09:15:00,2021-05-17 09:16:00,,fullstack-phase-3,0.016666666666666666,0.855561965896141,False,0.016666666666666666,False
6760.0,Student,Fullstack Program,Closed,2021-05-17 00:44:00,2021-05-18 20:16:00,18-05-2021 19:24,fullstack-phase-3,43.53333333333333,0.9195018461114411,False,43.53333333333333,False
6766.0,Working Professionals,Fullstack Program,Duplicate,2021-05-17 08:13:00,2021-05-19 21:55:00,18-05-2021 18:20,fullstack-phase-1,61.7,1.6605281023689153,False,61.7,False
6775.0,Working Professionals,Backend Program,Duplicate,2021-05-17 10:26:00,2021-05-18 18:50:00,18-05-2021 19:25,fullstack-phase-1,32.4,0.46536832392796174,False,32.4,False
6755.0,Working Professionals,Fellowship Program,Closed,2021-05-16 23:12:00,2021-05-18 22:54:00,16-05-2021 23:28,fellowship-phase-1,47.7,1.0894619966292107,False,47.7,False
6759.0,Working Professionals,Backend Program,Closed,2021-05-17 00:33:00,2021-05-18 19:12:00,18-05-2021 18:16,backend-phase2,42.65,0.8834702942016741,False,42.65,False
6762.0,Working Professionals,Fullstack Program,Duplicate,2021-05-17 03:27:00,2021-05-18 15:10:00,,fullstack-phase-1,35.71666666666667,0.6006566037401062,False,35.71666666666667,False
6790.0,Student,Fullstack Program,Closed,2021-05-17 12:24:00,2021-05-20 11:25:00,18-05-2021 18:20,fullstack-phase-1,71.01666666666667,2.0405589989266475,False,71.01666666666667,False
6767.0,Working Professionals,Fullstack Program,Closed,2021-05-17 08:43:00,2021-05-18 23:29:00,18-05-2021 18:17,fullstack-phase-3,38.766666666666666,0.7250674339191132,False,38.766666666666666,False
6781.0,Working Professionals,Backend Program,Closed,2021-05-17 11:20:00,2021-05-18 11:32:00,18-05-2021 18:16,trial phase,24.2,0.13088674770899184,False,24.2,False
6788.0,Working Professionals,Backend Program,Closed,2021-05-17 12:05:00,2021-05-18 18:46:00,17-05-2021 12:43,system-issues,30.683333333333334,0.39534474191464086,False,30.683333333333334,False
6773.0,Student,Fullstack Program,Resolved,2021-05-17 10:04:00,2021-05-18 22:17:00,18-05-2021 22:08,fullstack-phase-4,36.21666666666667,0.6210518218022385,False,36.21666666666667,False
6780.0,Student,Fullstack Program,Deleted,2021-05-17 11:16:00,2021-05-17 12:08:00,,fullstack-phase-2,0.8666666666666667,0.820890095190516,False,0.8666666666666667,False
6782.0,Working Professionals,Fellowship Program,Duplicate,2021-05-17 11:35:00,2021-05-18 19:06:00,,fellowship-phase-1,31.516666666666666,0.42933677201819465,False,31.516666666666666,False
6783.0,Working Professionals,Fellowship Program,Closed,2021-05-17 11:36:00,2021-05-18 21:00:00,18-05-2021 18:19,fellowship-phase-1,33.4,0.5061587600522264,False,33.4,False
6784.0,Working Professionals,Fellowship Program,Duplicate,2021-05-17 11:38:00,2021-05-18 11:33:00,,fellowship-phase-1,23.916666666666668,0.11932945747378361,False,23.916666666666668,False
6785.0,Working Professionals,Fellowship Program,Duplicate,2021-05-17 11:39:00,2021-05-18 11:33:00,18-05-2021 18:19,fellowship-phase-1,23.9,0.11864961687171242,False,23.9,False
6787.0,Student,Fullstack Program,Closed,2021-05-17 11:46:00,2021-05-18 11:34:00,18-05-2021 18:20,fullstack-phase-1,23.8,0.11457057325928605,False,23.8,False
6771.0,Student,Fullstack Program,Closed,2021-05-17 09:24:00,2021-05-18 19:08:00,18-05-2021 18:20,fullstack-phase-3,33.733333333333334,0.519755572093648,False,33.733333333333334,False
6774.0,Working Professionals,Fellowship Program,Resolved,2021-05-17 10:23:00,2021-05-18 22:00:00,17-05-2021 11:19,system-issues,35.61666666666667,0.5965775601276797,False,35.61666666666667,False
6776.0,Working Professionals,Backend Program,Closed,2021-05-17 10:26:00,2021-05-21 21:39:00,18-05-2021 18:16,fullstack-phase-1,107.21666666666667,3.517172786625027,True,86.10624999999999,True
6789.0,Working Professionals,Fellowship Program,Closed,2021-05-17 12:07:00,2021-05-17 19:32:00,17-05-2021 12:44,system-issues,7.416666666666667,0.5537127385765827,False,7.416666666666667,False
6763.0,Working Professionals,Fullstack Program,Duplicate,2021-05-17 03:27:00,2021-05-17 21:21:00,,fullstack-phase-1,17.9,0.12609299987387532,False,17.9,False
6777.0,Working Professionals,Fellowship Program,Duplicate,2021-05-17 10:32:00,2021-05-18 21:52:00,18-05-2021 18:19,system-issues,35.333333333333336,0.5850202698924715,False,35.333333333333336,False
6830.0,Student,Fullstack Program,Closed,2021-05-18 18:17:00,2021-05-18 19:04:00,18-05-2021 19:11,fullstack-phase-2,0.7833333333333333,0.8242892982008714,False,0.7833333333333333,False
6831.0,Working Professionals,Fullstack Program,Closed,2021-05-18 18:17:00,2021-05-20 21:34:00,18-05-2021 18:20,fullstack-phase-1,51.28333333333333,1.2356277260744921,False,51.28333333333333,False
6832.0,Working Professionals,Fellowship Program,Closed,2021-05-18 18:17:00,2021-05-20 14:47:00,18-05-2021 19:25,fellowship-phase-1,44.5,0.9589326010315637,False,44.5,False
6833.0,Working Professionals,Fullstack Program,Closed,2021-05-18 18:17:00,2021-05-19 21:06:00,18-05-2021 18:20,fullstack-phase-2,26.816666666666666,0.23762172223415096,False,26.816666666666666,False
6841.0,Working Professionals,Backend Program,Closed,2021-05-18 18:18:00,2021-05-18 18:47:00,18-05-2021 18:18,system-issues,0.48333333333333334,0.8365264290381508,False,0.48333333333333334,False
6843.0,Working Professionals,Fullstack Program,Duplicate,2021-05-18 18:19:00,2021-05-18 18:51:00,,system-issues,0.5333333333333333,0.8344869072319375,False,0.5333333333333333,False
6828.0,Student,Backend Program,Closed,2021-05-18 18:17:00,2021-05-18 18:54:00,18-05-2021 18:19,trial phase,0.6166666666666667,0.8310877042215822,False,0.6166666666666667,False
6838.0,Working Professionals,Fullstack Program,Closed,2021-05-18 18:18:00,2021-05-18 18:22:00,18-05-2021 19:11,fullstack-phase-2,0.06666666666666667,0.8535224440899277,False,0.06666666666666667,False
6864.0,Working Professionals,Backend Program,Closed,2021-05-18 19:12:00,2021-05-18 23:33:00,18-05-2021 19:14,system-issues,4.35,0.6788034093576608,False,4.35,False
6829.0,Student,Backend Program,Closed,2021-05-18 18:17:00,2021-05-18 18:28:00,18-05-2021 18:17,trial phase,0.18333333333333332,0.8487635598754302,False,0.18333333333333332,False
6850.0,Student,Fellowship Program,Closed,2021-05-18 18:20:00,2021-05-18 22:25:00,18-05-2021 20:14,fellowship-phase-1,4.083333333333333,0.6896808589907982,False,4.083333333333333,False
6853.0,Working Professionals,Fullstack Program,Closed,2021-05-18 18:20:00,2021-05-18 18:28:00,18-05-2021 19:25,trial phase,0.13333333333333333,0.8508030816816434,False,0.13333333333333333,False
6859.0,Working Professionals,Backend Program,Closed,2021-05-18 19:11:00,2021-05-20 19:59:00,18-05-2021 19:11,backend-phase-3,48.8,1.1343314763659016,False,48.8,False
6826.0,Working Professionals,Backend Program,Closed,2021-05-18 18:16:00,2021-05-18 18:54:00,18-05-2021 18:16,backend-phase-3,0.6333333333333333,0.8304078636195111,False,0.6333333333333333,False
6827.0,Working Professionals,Fullstack Program,Deleted,2021-05-18 18:17:00,2021-05-18 18:17:00,,fullstack-phase-1,0.0,0.856241806498212,False,0.0,False
6834.0,Working Professionals,Fullstack Program,Duplicate,2021-05-18 18:17:00,2021-05-18 18:57:00,,fullstack-phase-2,0.6666666666666666,0.8290481824153689,False,0.6666666666666666,False
6837.0,Student,Fellowship Program,Closed,2021-05-18 18:18:00,2021-05-19 12:28:00,18-05-2021 18:19,fellowship-phase-1,18.166666666666668,0.11521555024073799,False,18.166666666666668,False
6848.0,Working Professionals,Backend Program,Closed,2021-05-18 18:19:00,2021-05-20 21:37:00,18-05-2021 20:22,fellowship-phase-1,51.3,1.236307566676563,False,51.3,False
6825.0,Working Professionals,Fullstack Program,Closed,2021-05-18 18:16:00,2021-05-18 18:54:00,18-05-2021 19:25,fullstack-phase-3,0.6333333333333333,0.8304078636195111,False,0.6333333333333333,False
6836.0,Working Professionals,Fullstack Program,Resolved,2021-05-18 18:18:00,2021-05-18 22:09:00,18-05-2021 19:25,fullstack-phase-4,3.85,0.6991986274197932,False,3.85,False
6842.0,Working Professionals,Fullstack Program,Closed,2021-05-18 18:19:00,2021-05-18 18:51:00,18-05-2021 18:19,system-issues,0.5333333333333333,0.8344869072319375,False,0.5333333333333333,False
6847.0,Working Professionals,Backend Program,Closed,2021-05-18 18:19:00,2021-05-18 20:26:00,18-05-2021 18:20,backend-phase2,2.1166666666666667,0.7699020500351852,False,2.1166666666666667,False
6855.0,Working Professionals,Fullstack Program,Closed,2021-05-18 18:21:00,2021-05-18 23:32:00,18-05-2021 19:25,fullstack-phase-1,5.183333333333334,0.644811379254107,False,5.183333333333334,False
6824.0,Student,Fullstack Program,Duplicate,2021-05-18 18:16:00,2021-05-19 21:54:00,,fullstack-phase-2,27.633333333333333,0.27093391173563375,False,27.633333333333333,False
6835.0,Student,Backend Program,Closed,2021-05-18 18:17:00,2021-05-18 18:57:00,18-05-2021 18:20,backend-phase1,0.6666666666666666,0.8290481824153689,False,0.6666666666666666,False
6839.0,Working Professionals,Fellowship Program,Closed,2021-05-18 18:18:00,2021-05-18 18:47:00,18-05-2021 18:18,system-issues,0.48333333333333334,0.8365264290381508,False,0.48333333333333334,False
6840.0,Working Professionals,Backend Program,Closed,2021-05-18 18:18:00,2021-05-18 18:47:00,18-05-2021 18:18,system-issues,0.48333333333333334,0.8365264290381508,False,0.48333333333333334,False
6844.0,Working Professionals,Fullstack Program,Duplicate,2021-05-18 18:19:00,2021-05-18 18:51:00,,system-issues,0.5333333333333333,0.8344869072319375,False,0.5333333333333333,False
6846.0,Working Professionals,Fullstack Program,Closed,2021-05-18 18:19:00,2021-05-18 18:58:00,18-05-2021 18:19,trial phase,0.65,0.8297280230174401,False,0.65,False
6879.0,Working Professionals,Backend Program,Closed,2021-05-18 19:13:00,2021-05-18 22:43:00,18-05-2021 19:14,system-issues,3.5,0.7134752800632859,False,3.5,False
6894.0,Working Professionals,Backend Program,Closed,2021-05-18 19:14:00,2021-05-21 13:52:00,18-05-2021 19:14,fullstack-phase-2,66.63333333333334,1.8617609205819543,False,66.63333333333334,False
6845.0,Working Professionals,Backend Program,Closed,2021-05-18 18:19:00,2021-05-18 18:58:00,18-05-2021 18:20,backend-phase2,0.65,0.8297280230174401,False,0.65,False
6849.0,Student,Fullstack Program,Deleted,2021-05-18 18:19:00,2021-05-18 18:20:00,,fullstack-phase-1,0.016666666666666666,0.855561965896141,False,0.016666666666666666,False
6857.0,Working Professionals,Fullstack Program,Duplicate,2021-05-18 19:11:00,2021-05-18 23:32:00,,fullstack-phase-1,4.35,0.6788034093576608,False,4.35,False
6858.0,Working Professionals,Backend Program,Duplicate,2021-05-18 19:11:00,2021-05-18 20:25:00,,backend-phase-3,1.2333333333333334,0.8059336019449523,False,1.2333333333333334,False
6860.0,Student,Fullstack Program,Closed,2021-05-18 19:11:00,2021-05-18 23:33:00,18-05-2021 23:33,fullstack-phase-2,4.366666666666666,0.6781235687555899,False,4.366666666666666,False
6868.0,Student,Fullstack Program,Closed,2021-05-18 19:12:00,2021-05-19 11:04:00,19-05-2021 01:39,fullstack-phase-4,15.866666666666667,0.20903355332654666,False,15.866666666666667,False
6851.0,Student,Fullstack Program,Closed,2021-05-18 18:20:00,2021-05-18 20:33:00,18-05-2021 19:12,fullstack-phase-2,2.216666666666667,0.7658230064227587,False,2.216666666666667,False
6852.0,Working Professionals,Backend Program,Resolved,2021-05-18 18:20:00,2021-05-18 22:09:00,18-05-2021 18:21,system-issues,3.816666666666667,0.7005583086239354,False,3.816666666666667,False
6873.0,Student,Fullstack Program,Closed,2021-05-18 19:12:00,2021-05-18 23:35:00,18-05-2021 23:35,fullstack-phase-3,4.383333333333334,0.6774437281535188,False,4.383333333333334,False
6888.0,Student,Backend Program,Closed,2021-05-18 19:13:00,2021-05-20 11:27:00,18-05-2021 19:13,backend-phase-3,40.233333333333334,0.784893406901368,False,40.233333333333334,False
6900.0,Student,Fullstack Program,Closed,2021-05-18 19:15:00,2021-05-19 11:10:00,19-05-2021 05:30,fullstack-phase-1,15.916666666666666,0.20699403152033347,False,15.916666666666666,False
6901.0,Working Professionals,Fullstack Program,Closed,2021-05-18 19:15:00,2021-05-18 20:44:00,18-05-2021 20:43,fullstack-phase-1,1.4833333333333334,0.7957359929138862,False,1.4833333333333334,False
6854.0,Working Professionals,Fullstack Program,Closed,2021-05-18 18:21:00,2021-05-18 19:00:00,18-05-2021 19:11,fullstack-phase-1,0.65,0.8297280230174401,False,0.65,False
6865.0,Student,Fellowship Program,Duplicate,2021-05-18 19:12:00,2021-05-18 22:48:00,,fellowship-phase-1,3.6,0.7093962364508594,False,3.6,False
6867.0,Working Professionals,Backend Program,Duplicate,2021-05-18 19:12:00,2021-05-18 23:33:00,,system-issues,4.35,0.6788034093576608,False,4.35,False
6863.0,Working Professionals,Fullstack Program,Closed,2021-05-18 19:11:00,2021-05-19 11:03:00,19-05-2021 11:03,fullstack-phase-1,15.866666666666667,0.20903355332654666,False,15.866666666666667,False
6884.0,Working Professionals,Backend Program,Resolved,2021-05-18 19:13:00,2021-05-18 22:05:00,18-05-2021 19:14,system-issues,2.8666666666666667,0.7393092229419868,False,2.8666666666666667,False
6906.0,Student,Backend Program,Closed,2021-05-18 19:16:00,2021-05-18 23:39:00,18-05-2021 19:24,backend-phase1,4.383333333333334,0.6774437281535188,False,4.383333333333334,False
6907.0,Student,Backend Program,Closed,2021-05-18 19:23:00,2021-05-18 23:39:00,,backend-phase1,4.266666666666667,0.6822026123680164,False,4.266666666666667,False
6861.0,Student,Fullstack Program,Resolved,2021-05-18 19:11:00,2021-05-18 22:08:00,18-05-2021 19:13,fullstack-phase-1,2.95,0.7359100199316314,False,2.95,False
6862.0,Working Professionals,Backend Program,Closed,2021-05-18 19:11:00,2021-05-18 20:56:00,18-05-2021 19:12,backend-phase2,1.75,0.784858543280749,False,1.75,False
6866.0,Student,Fellowship Program,Duplicate,2021-05-18 19:12:00,2021-05-18 22:48:00,,fellowship-phase-1,3.6,0.7093962364508594,False,3.6,False
6876.0,Working Professionals,Backend Program,Closed,2021-05-18 19:12:00,2021-05-20 11:27:00,18-05-2021 19:13,backend-phase2,40.25,0.785573247503439,False,40.25,False
6883.0,Student,Fullstack Program,Deleted,2021-05-18 19:13:00,2021-05-18 19:24:00,,fullstack-phase-3,0.18333333333333332,0.8487635598754302,False,0.18333333333333332,False
6886.0,Working Professionals,Backend Program,Duplicate,2021-05-18 19:13:00,2021-05-18 22:46:00,18-05-2021 19:40,system-issues,3.55,0.7114357582570726,False,3.55,False
6889.0,Working Professionals,Fullstack Program,Closed,2021-05-18 19:14:00,2021-05-20 15:13:00,18-05-2021 19:24,fullstack-phase-3,43.983333333333334,0.9378575423673604,False,43.983333333333334,False
6877.0,Student,Fullstack Program,Closed,2021-05-18 19:13:00,2021-05-19 11:05:00,18-05-2021 19:24,fullstack-phase-3,15.866666666666667,0.20903355332654666,False,15.866666666666667,False
6887.0,Working Professionals,Backend Program,Duplicate,2021-05-18 19:13:00,2021-05-18 22:46:00,,system-issues,3.55,0.7114357582570726,False,3.55,False
6893.0,Working Professionals,Backend Program,Resolved,2021-05-18 19:14:00,2021-05-18 22:28:00,18-05-2021 19:14,fullstack-phase-1,3.2333333333333334,0.7243527296964231,False,3.2333333333333334,False
6895.0,Working Professionals,Fullstack Program,Closed,2021-05-18 19:14:00,2021-05-18 23:37:00,18-05-2021 19:14,fullstack-phase-2,4.383333333333334,0.6774437281535188,False,4.383333333333334,False
6896.0,Student,Fellowship Program,Closed,2021-05-18 19:14:00,2021-05-19 12:27:00,19-05-2021 12:28,fellowship-phase-1,17.216666666666665,0.15396646455878948,False,17.216666666666665,False
6869.0,Working Professionals,Fullstack Program,Closed,2021-05-18 19:12:00,2021-05-19 11:04:00,18-05-2021 23:34,fullstack-phase-3,15.866666666666667,0.20903355332654666,False,15.866666666666667,False
6870.0,Student,Fullstack Program,Duplicate,2021-05-18 19:12:00,2021-05-19 11:04:00,,fullstack-phase-4,15.866666666666667,0.20903355332654666,False,15.866666666666667,False
6871.0,Working Professionals,Backend Program,Closed,2021-05-18 19:12:00,2021-05-19 11:04:00,18-05-2021 19:13,backend-phase-3,15.866666666666667,0.20903355332654666,False,15.866666666666667,False
6872.0,Working Professionals,Backend Program,Duplicate,2021-05-18 19:12:00,2021-05-18 20:28:00,,backend-phase-3,1.2666666666666666,0.8045739207408102,False,1.2666666666666666,False
6874.0,Working Professionals,Fullstack Program,Closed,2021-05-18 19:12:00,2021-05-18 20:36:00,18-05-2021 20:36,fullstack-phase-2,1.4,0.7991351959242416,False,1.4,False
6880.0,Working Professionals,Backend Program,Duplicate,2021-05-18 19:13:00,2021-05-18 22:43:00,,system-issues,3.5,0.7134752800632859,False,3.5,False
6885.0,Working Professionals,Backend Program,Closed,2021-05-18 19:13:00,2021-05-18 22:46:00,18-05-2021 19:14,system-issues,3.55,0.7114357582570726,False,3.55,False
6875.0,Working Professionals,Fellowship Program,Closed,2021-05-18 19:12:00,2021-05-18 23:35:00,18-05-2021 19:14,fellowship-phase-1,4.383333333333334,0.6774437281535188,False,4.383333333333334,False
6878.0,Student,Fullstack Program,Closed,2021-05-18 19:13:00,2021-05-18 23:36:00,18-05-2021 19:24,fullstack-phase-3,4.383333333333334,0.6774437281535188,False,4.383333333333334,False
6881.0,Working Professionals,Backend Program,Duplicate,2021-05-18 19:13:00,2021-05-18 22:43:00,,system-issues,3.5,0.7134752800632859,False,3.5,False
6910.0,Working Professionals,Backend Program,Closed,2021-05-18 19:23:00,2021-05-19 21:52:00,19-05-2021 21:08,fullstack-phase-2,26.483333333333334,0.22402491019272947,False,26.483333333333334,False
6913.0,Student,Fullstack Program,Closed,2021-05-18 19:23:00,2021-05-19 11:12:00,18-05-2021 20:56,fullstack-phase-2,15.816666666666666,0.2110730751327599,False,15.816666666666666,False
6916.0,Working Professionals,Backend Program,Closed,2021-05-18 19:24:00,2021-05-18 23:42:00,18-05-2021 19:25,system-issues,4.3,0.6808429311638742,False,4.3,False
6891.0,Working Professionals,Fullstack Program,Closed,2021-05-18 19:14:00,2021-05-19 17:13:00,18-05-2021 23:37,fullstack-phase-1,21.983333333333334,0.040467947633538656,False,21.983333333333334,False
6914.0,Student,Fullstack Program,Closed,2021-05-18 19:24:00,2021-05-20 11:31:00,18-05-2021 19:24,fullstack-phase-3,40.11666666666667,0.7801345226868704,False,40.11666666666667,False
6890.0,Working Professionals,Fullstack Program,Resolved,2021-05-18 19:14:00,2021-05-18 22:31:00,18-05-2021 21:20,fullstack-phase-1,3.283333333333333,0.7223132078902099,False,3.283333333333333,False
6892.0,Working Professionals,Fullstack Program,Duplicate,2021-05-18 19:14:00,2021-05-18 20:41:00,,fullstack-phase-1,1.45,0.7970956741180284,False,1.45,False
6897.0,Working Professionals,Fullstack Program,Closed,2021-05-18 19:15:00,2021-05-18 23:37:00,18-05-2021 20:41,fullstack-phase-1,4.366666666666666,0.6781235687555899,False,4.366666666666666,False
6903.0,Student,Fullstack Program,Closed,2021-05-18 19:15:00,2021-05-18 21:04:00,18-05-2021 19:24,fullstack-phase-2,1.8166666666666667,0.7821391808724647,False,1.8166666666666667,False
6904.0,Student,Fullstack Program,Closed,2021-05-18 19:16:00,2021-05-21 20:19:00,19-05-2021 19:11,fullstack-phase-1,73.05,2.1234995523793185,False,73.05,False
6924.0,Working Professionals,Backend Program,Closed,2021-05-18 19:25:00,2021-05-19 11:13:00,19-05-2021 11:13,fullstack-phase-2,15.8,0.21175291573483096,False,15.8,False
6899.0,Student,Backend Program,Closed,2021-05-18 19:15:00,2021-05-19 11:10:00,18-05-2021 19:15,backend-phase2,15.916666666666666,0.20699403152033347,False,15.916666666666666,False
6912.0,Working Professionals,Backend Program,Closed,2021-05-18 19:23:00,2021-05-20 11:31:00,18-05-2021 19:24,backend-phase1,40.13333333333333,0.7808143632889415,False,40.13333333333333,False
6921.0,Working Professionals,Fullstack Program,Closed,2021-05-18 19:25:00,2021-05-18 23:42:00,18-05-2021 20:47,system-issues,4.283333333333333,0.6815227717659453,False,4.283333333333333,False
6923.0,Student,Fullstack Program,Closed,2021-05-18 19:25:00,2021-05-20 11:31:00,19-05-2021 01:26,fullstack-phase-4,40.1,0.7794546820847994,False,40.1,False
6936.0,Working Professionals,Backend Program,Closed,2021-05-18 21:11:00,2021-05-19 11:15:00,18-05-2021 21:24,backend-phase1,14.066666666666666,0.282456338350223,False,14.066666666666666,False
6898.0,Student,Fullstack Program,Closed,2021-05-18 19:15:00,2021-05-20 23:33:00,18-05-2021 19:24,fullstack-phase-2,52.3,1.2770980028008276,False,52.3,False
6905.0,Student,Fullstack Program,Closed,2021-05-18 19:16:00,2021-05-20 15:16:00,19-05-2021 17:16,fullstack-phase-2,44.0,0.9385373829694315,False,44.0,False
6918.0,Student,Fullstack Program,Closed,2021-05-18 19:24:00,2021-05-19 10:12:00,18-05-2021 19:25,fullstack-phase-1,14.8,0.25254335185909554,False,14.8,False
6920.0,Working Professionals,Backend Program,Closed,2021-05-18 19:25:00,2021-05-18 20:34:00,18-05-2021 19:25,backend-phase1,1.15,0.8093328049553078,False,1.15,False
6930.0,Student,Fullstack Program,Closed,2021-05-18 19:51:00,2021-05-19 11:14:00,18-05-2021 20:46,fullstack-phase-2,15.383333333333333,0.22874893078660793,False,15.383333333333333,False
6902.0,Working Professionals,Fullstack Program,Closed,2021-05-18 19:15:00,2021-05-20 11:28:00,19-05-2021 22:05,fullstack-phase-1,40.21666666666667,0.7842135662992971,False,40.21666666666667,False
6919.0,Student,Fullstack Program,Resolved,2021-05-18 19:24:00,2021-05-18 21:58:00,18-05-2021 21:16,fullstack-phase-2,2.566666666666667,0.7515463537792662,False,2.566666666666667,False
6922.0,Student,Fullstack Program,Duplicate,2021-05-18 19:25:00,2021-05-19 22:03:00,,fullstack-phase-2,26.633333333333333,0.2301434756113691,False,26.633333333333333,False
6925.0,Student,Fullstack Program,Closed,2021-05-18 19:25:00,2021-05-18 20:33:00,18-05-2021 20:33,fullstack-phase-2,1.1333333333333333,0.8100126455573788,False,1.1333333333333333,False
6926.0,Student,Fullstack Program,Duplicate,2021-05-18 19:25:00,2021-05-19 11:14:00,,fullstack-phase-2,15.816666666666666,0.2110730751327599,False,15.816666666666666,False
6908.0,Working Professionals,Fullstack Program,Closed,2021-05-18 19:23:00,2021-05-19 22:01:00,18-05-2021 19:23,fullstack-phase-1,26.633333333333333,0.2301434756113691,False,26.633333333333333,False
6909.0,Working Professionals,Fullstack Program,Closed,2021-05-18 19:23:00,2021-05-19 11:11:00,18-05-2021 21:23,fullstack-phase-1,15.8,0.21175291573483096,False,15.8,False
6911.0,Working Professionals,Backend Program,Duplicate,2021-05-18 19:23:00,2021-05-18 20:34:00,,backend-phase1,1.1833333333333333,0.8079731237511656,False,1.1833333333333333,False
6915.0,Working Professionals,Fullstack Program,Closed,2021-05-18 19:24:00,2021-05-19 11:13:00,18-05-2021 20:50,fullstack-phase-2,15.816666666666666,0.2110730751327599,False,15.816666666666666,False
6947.0,Working Professionals,Backend Program,Resolved,2021-05-18 22:31:00,2021-05-18 23:22:00,18-05-2021 22:41,system-issues,0.85,0.8215699357925871,False,0.85,False
6928.0,Working Professionals,Backend Program,Closed,2021-05-18 19:39:00,2021-05-18 20:27:00,18-05-2021 20:06,trial phase,0.8,0.8236094575988003,False,0.8,False
6954.0,Working Professionals,Fullstack Program,Fullstack,2021-05-18 22:59:00,2021-05-18 23:16:00,18-05-2021 23:14,fullstack-phase-1,0.2833333333333333,0.8446845162630037,False,0.2833333333333333,False
6956.0,Student,Fullstack Program,Closed,2021-05-18 23:01:00,2021-05-20 11:32:00,19-05-2021 22:05,fullstack-phase-1,36.516666666666666,0.6332889526395178,False,36.516666666666666,False
6937.0,Student,Backend Program,Closed,2021-05-18 21:19:00,2021-05-18 23:43:00,18-05-2021 21:25,backend-phase2,2.4,0.758344759799977,False,2.4,False
6941.0,Working Professionals,Fullstack Program,Closed,2021-05-18 22:10:00,2021-05-19 11:15:00,19-05-2021 11:15,fullstack-phase-2,13.083333333333334,0.32256693387241653,False,13.083333333333334,False
6968.0,Student,Fullstack Program,Closed,2021-05-19 01:42:00,2021-05-19 21:04:00,19-05-2021 18:18,fullstack-phase-2,19.366666666666667,0.06626702689162046,False,19.366666666666667,False
6932.0,Working Professionals,Fullstack Program,Closed,2021-05-18 20:37:00,2021-05-19 11:14:00,18-05-2021 20:38,fullstack-phase-1,14.616666666666667,0.26002159848187745,False,14.616666666666667,False
6933.0,Student,Fellowship Program,Closed,2021-05-18 20:53:00,2021-05-18 23:43:00,18-05-2021 20:56,system-issues,2.8333333333333335,0.740668904146129,False,2.8333333333333335,False
6945.0,Working Professionals,Fellowship Program,Closed,2021-05-18 22:22:00,2021-05-20 11:32:00,19-05-2021 19:07,fullstack-phase-1,37.166666666666664,0.6598027361202897,False,37.166666666666664,False
6971.0,Working Professionals,Backend Program,Closed,2021-05-19 02:40:00,2021-05-19 17:24:00,19-05-2021 08:09,backend-phase2,14.733333333333333,0.25526271426737995,False,14.733333333333333,False
6939.0,Working Professionals,Backend Program,Closed,2021-05-18 21:44:00,2021-05-18 23:43:00,18-05-2021 21:52,backend-phase2,1.9833333333333334,0.7753407748517538,False,1.9833333333333334,False
6942.0,Working Professionals,Backend Program,Deleted,2021-05-18 22:15:00,2021-05-18 22:16:00,,backend-phase1,0.016666666666666666,0.855561965896141,False,0.016666666666666666,False
6943.0,Working Professionals,Backend Program,Closed,2021-05-18 22:17:00,2021-05-19 11:15:00,18-05-2021 22:25,backend-phase1,12.966666666666667,0.3273258180869141,False,12.966666666666667,False
6946.0,Working Professionals,Backend Program,Duplicate,2021-05-18 22:31:00,2021-05-18 23:22:00,,system-issues,0.85,0.8215699357925871,False,0.85,False
6948.0,Working Professionals,Backend Program,Closed,2021-05-18 22:35:00,2021-05-18 23:23:00,18-05-2021 23:23,system-issues,0.8,0.8236094575988003,False,0.8,False
6949.0,Working Professionals,Backend Program,Duplicate,2021-05-18 22:35:00,2021-05-18 23:23:00,,system-issues,0.8,0.8236094575988003,False,0.8,False
6951.0,Working Professionals,Fullstack Program,Closed,2021-05-18 22:43:00,2021-05-18 23:17:00,18-05-2021 23:09,fullstack-phase-1,0.5666666666666667,0.8331272260277954,False,0.5666666666666667,False
6962.0,Working Professionals,Fullstack Program,Closed,2021-05-18 23:43:00,2021-05-20 21:34:00,19-05-2021 21:26,fullstack-phase-2,45.85,1.013999689799321,False,45.85,False
6963.0,Working Professionals,Fullstack Program,Closed,2021-05-18 23:49:00,2021-05-19 11:16:00,19-05-2021 08:47,fullstack-phase-1,11.45,0.3891913128753821,False,11.45,False
6966.0,Working Professionals,Fullstack Program,Closed,2021-05-19 00:34:00,2021-05-19 23:04:00,19-05-2021 10:03,fullstack-phase-1,22.5,0.06154300629774201,False,22.5,False
6950.0,Student,Fullstack Program,Closed,2021-05-18 22:38:00,2021-05-20 21:34:00,18-05-2021 23:25,fullstack-phase-2,46.93333333333333,1.0581893289339408,False,46.93333333333333,False
6957.0,Student,Fellowship Program,Deleted,2021-05-18 23:04:00,2021-05-19 11:16:00,,fellowship-phase-1,12.2,0.3585984857821837,False,12.2,False
6958.0,Student,Fellowship Program,Deleted,2021-05-18 23:05:00,2021-05-19 11:16:00,,fellowship-phase-1,12.183333333333334,0.35927832638425466,False,12.183333333333334,False
6965.0,Working Professionals,Backend Program,Closed,2021-05-19 00:25:00,2021-05-19 23:03:00,19-05-2021 08:43,backend-phase2,22.633333333333333,0.0669817311143106,False,22.633333333333333,False
6977.0,Working Professionals,Backend Program,Closed,2021-05-19 10:19:00,2021-05-19 17:25:00,19-05-2021 11:22,system-issues,7.1,0.5666297100159332,False,7.1,False
6980.0,Working Professionals,Backend Program,Closed,2021-05-19 11:23:00,2021-05-19 17:26:00,19-05-2021 11:46,system-issues,6.05,0.609459667946411,False,6.05,False
6999.0,Student,Fullstack Program,Deleted,2021-05-19 12:36:00,2021-05-19 13:33:00,,fullstack-phase-2,0.95,0.8174908921801607,False,0.95,False
7003.0,Working Professionals,Fellowship Program,Duplicate,2021-05-19 13:07:00,2021-05-19 17:28:00,19-05-2021 14:16,fellowship-phase-1,4.35,0.6788034093576608,False,4.35,False
7013.0,Working Professionals,Fellowship Program,Duplicate,2021-05-19 14:34:00,2021-05-19 17:29:00,19-05-2021 14:52,system-issues,2.9166666666666665,0.7372697011357735,False,2.9166666666666665,False
7017.0,Working Professionals,Backend Program,Duplicate,2021-05-19 15:50:00,2021-05-19 22:14:00,,fullstack-phase-2,6.4,0.5951830153029184,False,6.4,False
6972.0,Working Professionals,Backend Program,Closed,2021-05-19 08:47:00,2021-05-19 17:24:00,19-05-2021 11:20,system-issues,8.616666666666667,0.5047642152274652,False,8.616666666666667,False
6973.0,Working Professionals,Fullstack Program,Closed,2021-05-19 09:50:00,2021-05-19 11:19:00,19-05-2021 11:19,fullstack-phase-3,1.4833333333333334,0.7957359929138862,False,1.4833333333333334,False
6975.0,Working Professionals,Fullstack Program,Closed,2021-05-19 09:59:00,2021-05-19 11:19:00,19-05-2021 10:21,trial phase,1.3333333333333333,0.801854558332526,False,1.3333333333333333,False
6979.0,Working Professionals,Fullstack Program,Closed,2021-05-19 10:31:00,2021-05-19 17:25:00,19-05-2021 17:26,fullstack-phase-2,6.9,0.5747877972407861,False,6.9,False
6986.0,Working Professionals,Fullstack Program,Duplicate,2021-05-19 11:48:00,2021-05-19 22:09:00,,fullstack-phase-1,10.35,0.4340607926120732,False,10.35,False
6988.0,Working Professionals,Fullstack Program,Duplicate,2021-05-19 11:54:00,2021-05-19 22:09:00,,fullstack-phase-1,10.25,0.43813983622449965,False,10.25,False
6976.0,Working Professionals,Fellowship Program,Closed,2021-05-19 10:18:00,2021-05-19 23:04:00,19-05-2021 12:10,fellowship-phase-1,12.766666666666667,0.335483905311767,False,12.766666666666667,False
6984.0,Working Professionals,Fullstack Program,Duplicate,2021-05-19 11:48:00,2021-05-19 22:07:00,,fullstack-phase-1,10.316666666666666,0.43542047381621535,False,10.316666666666666,False
6994.0,Working Professionals,Backend Program,Deleted,2021-05-19 12:17:00,2021-05-19 12:17:00,,fullstack-phase-1,0.0,0.856241806498212,False,0.0,False
7004.0,Student,Fullstack Program,Closed,2021-05-19 13:11:00,2021-05-19 23:05:00,19-05-2021 14:04,system-issues,9.9,0.45241648886799224,False,9.9,False
7006.0,Working Professionals,Backend Program,Closed,2021-05-19 13:30:00,2021-05-19 22:12:00,19-05-2021 14:18,backend-phase-3,8.7,0.5013650122171098,False,8.7,False
7041.0,Student,Fullstack Program,Deleted,2021-05-19 18:52:00,2021-05-19 20:52:00,,fullstack-phase-2,2.0,0.7746609342496827,False,2.0,False
6974.0,Working Professionals,Fullstack Program,Closed,2021-05-19 09:54:00,2021-05-19 22:33:00,19-05-2021 10:02,fullstack-phase-1,12.65,0.3402427895262645,False,12.65,False
6985.0,Student,Fullstack Program,Closed,2021-05-19 11:48:00,2021-05-20 11:33:00,19-05-2021 22:08,fullstack-phase-1,23.75,0.11253105145307278,False,23.75,False
6987.0,Working Professionals,Fullstack Program,Closed,2021-05-19 11:49:00,2021-05-20 21:33:00,19-05-2021 18:55,fullstack-phase-1,33.733333333333334,0.519755572093648,False,33.733333333333334,False
6989.0,Working Professionals,Fullstack Program,Duplicate,2021-05-19 11:55:00,2021-05-19 22:10:00,,fullstack-phase-1,10.25,0.43813983622449965,False,10.25,False
6990.0,Working Professionals,Fullstack Program,Duplicate,2021-05-19 11:57:00,2021-05-19 23:05:00,19-05-2021 18:22,fullstack-phase-1,11.133333333333333,0.40210828431473256,False,11.133333333333333,False
6998.0,Student,Backend Program,Closed,2021-05-19 12:23:00,2021-05-19 17:27:00,19-05-2021 12:32,trial phase,5.066666666666666,0.6495702634686046,False,5.066666666666666,False
7005.0,Student,Fellowship Program,Closed,2021-05-19 13:11:00,2021-05-19 23:05:00,19-05-2021 22:36,fellowship-phase-1,9.9,0.45241648886799224,False,9.9,False
7008.0,Working Professionals,Backend Program,Deleted,2021-05-19 13:31:00,2021-05-19 22:13:00,,backend-phase-3,8.7,0.5013650122171098,False,8.7,False
6978.0,Working Professionals,Backend Program,Closed,2021-05-19 10:22:00,2021-05-20 20:57:00,19-05-2021 10:27,backend-phase-3,34.583333333333336,0.554427442799273,False,34.583333333333336,False
7009.0,Student,Backend Program,Closed,2021-05-19 13:39:00,2021-05-20 12:38:00,19-05-2021 14:13,backend-phase1,22.983333333333334,0.08125838375780328,False,22.983333333333334,False
7020.0,Student,Fellowship Program,Closed,2021-05-19 16:24:00,2021-05-19 18:03:00,19-05-2021 18:03,fellowship-phase-1,1.65,0.7889375868931755,False,1.65,False
7032.0,Working Professionals,Backend Program,Closed,2021-05-19 17:18:00,2021-05-19 17:30:00,19-05-2021 17:20,backend-phase1,0.2,0.8480837192733591,False,0.2,False
6995.0,Working Professionals,Backend Program,Closed,2021-05-19 12:18:00,2021-05-19 23:05:00,19-05-2021 19:40,fullstack-phase-1,10.783333333333333,0.4163849369582252,False,10.783333333333333,False
6996.0,Working Professionals,Backend Program,Closed,2021-05-19 12:19:00,2021-05-19 23:05:00,19-05-2021 14:16,trial phase,10.766666666666667,0.4170647775602962,False,10.766666666666667,False
6997.0,Working Professionals,Backend Program,Closed,2021-05-19 12:23:00,2021-05-19 17:27:00,19-05-2021 12:52,fullstack-phase-1,5.066666666666666,0.6495702634686046,False,5.066666666666666,False
7000.0,Student,Fullstack Program,Closed,2021-05-19 12:54:00,2021-05-19 23:05:00,19-05-2021 18:50,fullstack-phase-1,10.183333333333334,0.44085919863278394,False,10.183333333333334,False
7001.0,Working Professionals,Fellowship Program,Closed,2021-05-19 12:58:00,2021-05-19 17:27:00,19-05-2021 14:19,fellowship-phase-1,4.483333333333333,0.6733646845410922,False,4.483333333333333,False
7002.0,Working Professionals,Fellowship Program,Duplicate,2021-05-19 12:58:00,2021-05-19 17:28:00,,fellowship-phase-1,4.5,0.6726848439390213,False,4.5,False
7007.0,Student,Backend Program,Deleted,2021-05-19 13:31:00,2021-05-19 13:37:00,,backend-phase1,0.1,0.8521627628857855,False,0.1,False
7024.0,Student,Fellowship Program,Deleted,2021-05-19 16:26:00,2021-05-19 17:49:00,,fellowship-phase-1,1.3833333333333333,0.7998150365263127,False,1.3833333333333333,False
7025.0,Student,Fellowship Program,Deleted,2021-05-19 16:26:00,2021-05-19 17:49:00,,fellowship-phase-1,1.3833333333333333,0.7998150365263127,False,1.3833333333333333,False
7026.0,Student,Fellowship Program,Deleted,2021-05-19 16:26:00,2021-05-19 17:49:00,,fellowship-phase-1,1.3833333333333333,0.7998150365263127,False,1.3833333333333333,False
7012.0,Working Professionals,Fellowship Program,Closed,2021-05-19 14:32:00,2021-05-19 19:30:00,19-05-2021 14:32,system-issues,4.966666666666667,0.653649307081031,False,4.966666666666667,False
7021.0,Student,Fellowship Program,Closed,2021-05-19 16:24:00,2021-05-19 18:03:00,19-05-2021 18:03,fellowship-phase-1,1.65,0.7889375868931755,False,1.65,False
7051.0,Working Professionals,Backend Program,Closed,2021-05-19 19:53:00,2021-05-21 11:54:00,19-05-2021 20:11,backend-phase-3,40.016666666666666,0.7760554790744439,False,40.016666666666666,False
7022.0,Student,Fellowship Program,Closed,2021-05-19 16:24:00,2021-05-19 18:03:00,19-05-2021 18:03,fellowship-phase-1,1.65,0.7889375868931755,False,1.65,False
7023.0,Student,Fullstack Program,Closed,2021-05-19 16:25:00,2021-05-20 13:30:00,19-05-2021 23:10,fullstack-phase-4,21.083333333333332,0.003756555121700407,False,21.083333333333332,False
7038.0,Working Professionals,Backend Program,Deleted,2021-05-19 18:01:00,2021-05-19 18:07:00,,system-issues,0.1,0.8521627628857855,False,0.1,False
7049.0,Working Professionals,Fullstack Program,Deleted,2021-05-19 19:44:00,2021-05-19 19:45:00,,fullstack-phase-4,0.016666666666666666,0.855561965896141,False,0.016666666666666666,False
7030.0,Working Professionals,Backend Program,Closed,2021-05-19 17:11:00,2021-05-19 20:39:00,19-05-2021 20:36,backend-phase1,3.466666666666667,0.714834961267428,False,3.466666666666667,False
7036.0,Working Professionals,Backend Program,Deleted,2021-05-19 18:00:00,2021-05-19 22:15:00,,system-issues,4.25,0.6828824529700874,False,4.25,False
7037.0,Student,Fellowship Program,Closed,2021-05-19 18:01:00,2021-05-19 18:02:00,19-05-2021 18:02,fellowship-phase-1,0.016666666666666666,0.855561965896141,False,0.016666666666666666,False
7056.0,Working Professionals,Fullstack Program,Closed,2021-05-19 20:13:00,2021-05-19 22:17:00,19-05-2021 21:13,fullstack-phase-2,2.066666666666667,0.7719415718413984,False,2.066666666666667,False
7058.0,Working Professionals,Fullstack Program,Duplicate,2021-05-19 20:17:00,2021-05-19 22:17:00,,fullstack-phase-2,2.0,0.7746609342496827,False,2.0,False
7060.0,Student,Fullstack Program,Closed,2021-05-19 21:05:00,2021-05-19 22:18:00,19-05-2021 21:05,system-issues,1.2166666666666666,0.8066134425470235,False,1.2166666666666666,False
7044.0,Working Professionals,Backend Program,Duplicate,2021-05-19 19:07:00,2021-05-19 22:15:00,,system-issues,3.1333333333333333,0.7284317733088496,False,3.1333333333333333,False
7072.0,Working Professionals,Fullstack Program,Closed,2021-05-19 23:04:00,2021-05-21 17:54:00,19-05-2021 23:12,fullstack-phase-2,42.833333333333336,0.8909485408244562,False,42.833333333333336,False
7047.0,Student,Fullstack Program,Deleted,2021-05-19 19:42:00,2021-05-19 19:44:00,,fullstack-phase-4,0.03333333333333333,0.8548821252940698,False,0.03333333333333333,False
7052.0,Working Professionals,Backend Program,Closed,2021-05-19 19:55:00,2021-05-20 13:19:00,20-05-2021 13:09,system-issues,17.4,0.14648821793600764,False,17.4,False
7062.0,Working Professionals,Fullstack Program,Closed,2021-05-19 21:29:00,2021-05-20 12:36:00,20-05-2021 11:37,fullstack-phase-1,15.116666666666667,0.23962638041974513,False,15.116666666666667,False
7067.0,Student,Backend Program,Closed,2021-05-19 22:11:00,2021-05-19 22:44:00,19-05-2021 22:36,backend-phase2,0.55,0.8338070666298665,False,0.55,False
7068.0,Working Professionals,Backend Program,Deleted,2021-05-19 22:16:00,2021-05-19 22:19:00,,system-issues,0.05,0.8542022846919988,False,0.05,False
7070.0,Working Professionals,Fullstack Program,Closed,2021-05-19 22:42:00,2021-05-20 22:39:00,19-05-2021 23:11,fullstack-phase-2,23.95,0.12068913867792569,False,23.95,False
7069.0,Working Professionals,Backend Program,Closed,2021-05-19 22:32:00,2021-05-20 11:52:00,19-05-2021 22:43,system-issues,13.333333333333334,0.3123693248413504,False,13.333333333333334,False
7073.0,Working Professionals,Backend Program,Duplicate,2021-05-19 23:26:00,2021-05-20 13:19:00,20-05-2021 11:49,trial phase,13.883333333333333,0.28993458497300484,False,13.883333333333333,False
7066.0,Student,Backend Program,Deleted,2021-05-19 22:08:00,2021-05-19 22:10:00,,backend-phase2,0.03333333333333333,0.8548821252940698,False,0.03333333333333333,False
7075.0,Working Professionals,Fullstack Program,Closed,2021-05-19 23:42:00,2021-05-20 21:04:00,20-05-2021 15:26,fullstack-phase-2,21.366666666666667,0.015313845356908785,False,21.366666666666667,False
7074.0,Working Professionals,Fellowship Program,Closed,2021-05-19 23:30:00,2021-05-20 12:34:00,20-05-2021 11:50,fellowship-phase-1,13.066666666666666,0.32324677447448763,False,13.066666666666666,False
7080.0,Working Professionals,Fullstack Program,Deleted,2021-05-20 00:51:00,2021-05-20 01:09:00,,system-issues,0.3,0.8440046756609326,False,0.3,False
7076.0,Working Professionals,Fellowship Program,Closed,2021-05-19 23:56:00,2021-05-20 13:16:00,20-05-2021 10:00,fellowship-phase-1,13.333333333333334,0.3123693248413504,False,13.333333333333334,False
7079.0,Student,Backend Program,Closed,2021-05-20 00:44:00,2021-05-20 21:30:00,20-05-2021 10:09,backend-phase2,20.766666666666666,0.009160416317650048,False,20.766666666666666,False
7095.0,Working Professionals,Backend Program,Duplicate,2021-05-20 11:50:00,2021-05-20 12:32:00,20-05-2021 14:25,backend-phase1,0.7,0.8276885012112268,False,0.7,False
7096.0,Working Professionals,Backend Program,Closed,2021-05-20 11:51:00,2021-05-21 16:57:00,20-05-2021 11:52,trial phase,29.1,0.3307598847178886,False,29.1,False
7101.0,Working Professionals,Fullstack Program,Closed,2021-05-20 12:10:00,2021-05-21 20:02:00,20-05-2021 21:42,fullstack-phase-3,31.866666666666667,0.44361342466168735,False,31.866666666666667,False
7121.0,Working Professionals,Backend Program,Closed,2021-05-20 14:06:00,2021-05-21 17:54:00,20-05-2021 15:29,fullstack-phase-1,27.8,0.27773231775634455,False,27.8,False
7088.0,Working Professionals,Fullstack Program,Duplicate,2021-05-20 11:20:00,2021-05-20 15:26:00,,fullstack-phase-2,4.1,0.6890010183887271,False,4.1,False
7103.0,Student,Fullstack Program,Closed,2021-05-20 12:34:00,2021-05-20 13:07:00,20-05-2021 13:07,fullstack-phase-2,0.55,0.8338070666298665,False,0.55,False
7118.0,Working Professionals,Fullstack Program,Closed,2021-05-20 13:37:00,2021-05-20 21:41:00,20-05-2021 15:08,fullstack-phase-3,8.066666666666666,0.5271989550958107,False,8.066666666666666,False
7127.0,Working Professionals,Fullstack Program,Closed,2021-05-20 14:50:00,2021-05-20 15:47:00,20-05-2021 15:24,system-issues,0.95,0.8174908921801607,False,0.95,False
7089.0,Working Professionals,Fullstack Program,Duplicate,2021-05-20 11:20:00,2021-05-20 12:32:00,,fullstack-phase-2,1.2,0.8072932831490945,False,1.2,False
7122.0,Working Professionals,Backend Program,Duplicate,2021-05-20 14:07:00,2021-05-20 15:29:00,,fullstack-phase-1,1.3666666666666667,0.8004948771283837,False,1.3666666666666667,False
7125.0,Working Professionals,Fellowship Program,Duplicate,2021-05-20 14:41:00,2021-05-20 15:11:00,,fellowship-phase-1,0.5,0.8358465884360797,False,0.5,False
7128.0,Working Professionals,Backend Program,Closed,2021-05-20 14:53:00,2021-05-20 15:30:00,20-05-2021 15:19,system-issues,0.6166666666666667,0.8310877042215822,False,0.6166666666666667,False
7129.0,Working Professionals,Backend Program,Deleted,2021-05-20 15:12:00,2021-05-20 15:27:00,,system-issues,0.25,0.8460441974671459,False,0.25,False
7147.0,Working Professionals,Fullstack Program,Deleted,2021-05-20 19:11:00,2021-05-20 19:11:00,,fullstack-phase-2,0.0,0.856241806498212,False,0.0,False
7085.0,Working Professionals,Fellowship Program,Closed,2021-05-20 10:21:00,2021-05-21 13:50:00,20-05-2021 15:09,fellowship-phase-1,27.483333333333334,0.2648153463169941,False,27.483333333333334,False
7094.0,Student,Fullstack Program,Closed,2021-05-20 11:50:00,2021-05-21 10:17:00,20-05-2021 15:26,fullstack-phase-2,22.45,0.059503484491528744,False,22.45,False
7137.0,Student,Fullstack Program,Closed,2021-05-20 16:39:00,2021-05-21 17:54:00,20-05-2021 20:43,fullstack-phase-2,25.25,0.17371670563946973,False,25.25,False
7148.0,Working Professionals,Fullstack Program,Closed,2021-05-20 19:14:00,2021-05-20 21:18:00,20-05-2021 21:18,fullstack-phase-2,2.066666666666667,0.7719415718413984,False,2.066666666666667,False
7164.0,Working Professionals,Backend Program,Duplicate,2021-05-20 21:47:00,2021-05-20 22:46:00,,system-issues,0.9833333333333333,0.8161312109760185,False,0.9833333333333333,False
7166.0,Working Professionals,Fullstack Program,Closed,2021-05-20 21:54:00,2021-05-20 23:50:00,20-05-2021 23:50,fullstack-phase-2,1.9333333333333333,0.777380296657967,False,1.9333333333333333,False
7091.0,Student,Fullstack Program,Closed,2021-05-20 11:22:00,2021-05-20 13:08:00,20-05-2021 13:08,fullstack-phase-2,1.7666666666666666,0.784178702678678,False,1.7666666666666666,False
7109.0,Student,Backend Program,Closed,2021-05-20 13:16:00,2021-05-20 14:47:00,20-05-2021 14:15,trial phase,1.5166666666666666,0.7943763117097441,False,1.5166666666666666,False
7115.0,Student,Backend Program,Closed,2021-05-20 13:27:00,2021-05-21 21:46:00,20-05-2021 14:27,backend-phase2,32.31666666666667,0.46196912091760656,False,32.31666666666667,False
7120.0,Working Professionals,Fullstack Program,Closed,2021-05-20 13:52:00,2021-05-20 15:12:00,20-05-2021 14:43,fellowship-phase-1,1.3333333333333333,0.801854558332526,False,1.3333333333333333,False
7092.0,Student,Backend Program,Closed,2021-05-20 11:27:00,2021-05-20 13:14:00,20-05-2021 11:49,backend-phase2,1.7833333333333334,0.7834988620766067,False,1.7833333333333334,False
7116.0,Working Professionals,Fellowship Program,Closed,2021-05-20 13:31:00,2021-05-21 17:42:00,20-05-2021 15:01,fellowship-phase-1,28.183333333333334,0.2933686516039793,False,28.183333333333334,False
7160.0,Working Professionals,Fullstack Program,Closed,2021-05-20 20:59:00,2021-05-20 22:02:00,20-05-2021 21:13,fullstack-phase-2,1.05,0.8134118485677342,False,1.05,False
7136.0,Working Professionals,Backend Program,Closed,2021-05-20 16:24:00,2021-05-20 17:40:00,20-05-2021 17:05,system-issues,1.2666666666666666,0.8045739207408102,False,1.2666666666666666,False
7144.0,Student,Fullstack Program,Closed,2021-05-20 18:46:00,2021-05-20 21:44:00,20-05-2021 19:17,fullstack-phase-2,2.966666666666667,0.7352301793295603,False,2.966666666666667,False
7168.0,Working Professionals,Fullstack Program,Duplicate,2021-05-20 21:58:00,2021-05-20 22:38:00,,fullstack-phase-1,0.6666666666666666,0.8290481824153689,False,0.6666666666666666,False
7175.0,Working Professionals,Backend Program,Deleted,2021-05-20 23:28:00,2021-05-20 23:30:00,,backend-phase2,0.03333333333333333,0.8548821252940698,False,0.03333333333333333,False
7131.0,Student,Backend Program,Closed,2021-05-20 15:48:00,2021-05-20 19:49:00,20-05-2021 17:03,backend-phase2,4.016666666666667,0.6924002213990825,False,4.016666666666667,False
7151.0,Working Professionals,Fullstack Program,Deleted,2021-05-20 19:57:00,2021-05-20 20:02:00,,fullstack-phase-1,0.08333333333333333,0.8528426034878567,False,0.08333333333333333,False
7162.0,Working Professionals,Fullstack Program,Closed,2021-05-20 21:38:00,2021-05-20 23:34:00,20-05-2021 21:48,fullstack-phase-2,1.9333333333333333,0.777380296657967,False,1.9333333333333333,False
7157.0,Working Professionals,Fullstack Program,Closed,2021-05-20 20:24:00,2021-05-21 17:49:00,20-05-2021 20:56,fullstack-phase-2,21.416666666666668,0.017353367163122045,False,21.416666666666668,False
7173.0,Working Professionals,Backend Program,Deleted,2021-05-20 23:26:00,2021-05-20 23:26:00,,backend-phase1,0.0,0.856241806498212,False,0.0,False
7153.0,Working Professionals,Fullstack Program,Closed,2021-05-20 20:02:00,2021-05-20 20:39:00,20-05-2021 20:11,fullstack-phase-2,0.6166666666666667,0.8310877042215822,False,0.6166666666666667,False
7154.0,Student,Fullstack Program,Closed,2021-05-20 20:13:00,2021-05-20 21:33:00,20-05-2021 20:14,fullstack-phase-2,1.3333333333333333,0.801854558332526,False,1.3333333333333333,False
7158.0,Working Professionals,Fullstack Program,Closed,2021-05-20 20:50:00,2021-05-21 20:02:00,,fullstack-phase-2,23.2,0.09009631158472721,False,23.2,False
7161.0,Working Professionals,Fullstack Program,Closed,2021-05-20 21:03:00,2021-05-21 10:29:00,20-05-2021 21:50,system-issues,13.433333333333334,0.30829028122892393,False,13.433333333333334,False
7163.0,Working Professionals,Backend Program,Closed,2021-05-20 21:46:00,2021-05-22 09:11:00,20-05-2021 21:49,system-issues,35.416666666666664,0.5884194729028266,False,35.416666666666664,False
7167.0,Working Professionals,Fullstack Program,Closed,2021-05-20 21:57:00,2021-05-20 22:57:00,20-05-2021 22:56,fullstack-phase-1,1.0,0.8154513703739474,False,1.0,False
7177.0,Student,Backend Program,Deleted,2021-05-20 23:39:00,2021-05-20 23:57:00,,backend-phase1,0.3,0.8440046756609326,False,0.3,False
7165.0,Working Professionals,Backend Program,Duplicate,2021-05-20 21:52:00,2021-05-21 22:35:00,20-05-2021 22:41,fullstack-phase-2,24.716666666666665,0.1519618063731952,False,24.716666666666665,False
