Ticket Id,Student or WP,Program Name,Status (Ticket),Created Time (Ticket),Ticket Closed Time,First Response Time,Project Phase,day_of_week,hour,day_number,week_num,month,days_since_last_ticket
6403.0,Working Professionals,Fullstack Program,Closed,2021-05-14 01:09:00,14-05-2021 19:04,14-05-2021 08:51,trial phase,Friday,1.0,14.0,19,5.0,1909.0
6415.0,Working Professionals,Backend Program,Duplicate,2021-05-14 10:12:00,14-05-2021 11:23,,trial phase,Friday,10.0,14.0,19,5.0,1909.0
6420.0,Working Professionals,Fullstack Program,Closed,2021-05-14 11:46:00,16-05-2021 00:09,14-05-2021 18:14,trial phase,Friday,11.0,14.0,19,5.0,1908.0
6402.0,Student,Fullstack Program,Closed,2021-05-14 01:08:00,14-05-2021 19:04,14-05-2021 14:45,fullstack-phase-1,Friday,1.0,14.0,19,5.0,1909.0
6423.0,Working Professionals,Fellowship Program,Closed,2021-05-14 12:17:00,14-05-2021 20:39,14-05-2021 12:21,trial phase,Friday,12.0,14.0,19,5.0,1908.0
6429.0,Working Professionals,Fullstack Program,Closed,2021-05-14 13:04:00,16-05-2021 12:43,14-05-2021 20:44,fullstack-phase-1,Friday,13.0,14.0,19,5.0,1908.0
6404.0,Student,Fullstack Program,Deleted,2021-05-14 01:12:00,14-05-2021 01:13,,fullstack-phase-2,Friday,1.0,14.0,19,5.0,1909.0
6405.0,Student,Fullstack Program,Closed,2021-05-14 01:23:00,18-05-2021 19:15,14-05-2021 14:15,fullstack-phase-2,Friday,1.0,14.0,19,5.0,1909.0
6400.0,Student,Fellowship Program,Closed,2021-05-14 00:26:00,14-05-2021 11:18,14-05-2021 08:32,system-issues,Friday,0.0,14.0,19,5.0,1909.0
6411.0,Working Professionals,Backend Program,Closed,2021-05-14 02:15:00,17-05-2021 22:19,14-05-2021 11:54,backend-phase2,Friday,2.0,14.0,19,5.0,1909.0
6443.0,Working Professionals,Backend Program,Closed,2021-05-14 14:06:00,14-05-2021 20:45,14-05-2021 15:20,backend-phase2,Friday,14.0,14.0,19,5.0,1908.0
6401.0,Student,Fellowship Program,Closed,2021-05-14 00:26:00,15-05-2021 20:58,16-05-2021 12:10,system-issues,Friday,0.0,14.0,19,5.0,1909.0
6419.0,Working Professionals,Backend Program,Closed,2021-05-14 11:27:00,16-05-2021 12:13,14-05-2021 11:47,system-issues,Friday,11.0,14.0,19,5.0,1908.0
6407.0,Student,Fullstack Program,Closed,2021-05-14 01:28:00,16-05-2021 12:10,14-05-2021 21:26,fullstack-phase-4,Friday,1.0,14.0,19,5.0,1909.0
6448.0,Student,Fullstack Program,Closed,2021-05-14 14:31:00,16-05-2021 12:41,14-05-2021 21:10,fullstack-phase-4,Friday,14.0,14.0,19,5.0,1908.0
6412.0,Student,Fullstack Program,Closed,2021-05-14 02:26:00,14-05-2021 19:05,14-05-2021 19:05,fullstack-phase-1,Friday,2.0,14.0,19,5.0,1909.0
6413.0,Working Professionals,Fullstack Program,Closed,2021-05-14 02:26:00,14-05-2021 20:38,14-05-2021 19:05,fullstack-phase-1,Friday,2.0,14.0,19,5.0,1909.0
6410.0,Student,Fullstack Program,Deleted,2021-05-14 01:46:00,14-05-2021 02:05,,fullstack-phase-3,Friday,1.0,14.0,19,5.0,1909.0
6435.0,Working Professionals,Backend Program,Closed,2021-05-14 13:16:00,17-05-2021 11:40,14-05-2021 15:04,system-issues,Friday,13.0,14.0,19,5.0,1908.0
6464.0,Student,Fullstack Program,Closed,2021-05-14 16:19:00,16-05-2021 12:40,14-05-2021 20:38,fullstack-phase-2,Friday,16.0,14.0,19,5.0,1908.0
6468.0,Working Professionals,Backend Program,Duplicate,2021-05-14 16:43:00,17-05-2021 11:44,,system-issues,Friday,16.0,14.0,19,5.0,1908.0
6417.0,Student,Fellowship Program,Closed,2021-05-14 11:16:00,14-05-2021 19:05,14-05-2021 19:05,fellowship-phase-1,Friday,11.0,14.0,19,5.0,1908.0
6425.0,Working Professionals,Fullstack Program,Closed,2021-05-14 12:26:00,17-05-2021 11:40,14-05-2021 15:06,system-issues,Friday,12.0,14.0,19,5.0,1908.0
6422.0,Student,Fullstack Program,Closed,2021-05-14 12:03:00,17-05-2021 19:33,14-05-2021 12:14,system-issues,Friday,12.0,14.0,19,5.0,1908.0
6432.0,Working Professionals,Fullstack Program,Closed,2021-05-14 13:11:00,16-05-2021 12:43,14-05-2021 20:46,fullstack-phase-2,Friday,13.0,14.0,19,5.0,1908.0
6447.0,Working Professionals,Backend Program,Closed,2021-05-14 14:29:00,17-05-2021 11:40,14-05-2021 14:41,fullstack-phase-2,Friday,14.0,14.0,19,5.0,1908.0
6461.0,Working Professionals,Fullstack Program,Closed,2021-05-14 15:53:00,14-05-2021 21:10,14-05-2021 16:33,fullstack-phase-3,Friday,15.0,14.0,19,5.0,1908.0
6426.0,Student,Fullstack Program,Closed,2021-05-14 12:41:00,16-05-2021 12:44,14-05-2021 20:40,fullstack-phase-4,Friday,12.0,14.0,19,5.0,1908.0
6428.0,Student,Fullstack Program,Closed,2021-05-14 12:54:00,14-05-2021 21:14,14-05-2021 15:06,fullstack-phase-1,Friday,12.0,14.0,19,5.0,1908.0
6433.0,Working Professionals,Fullstack Program,Duplicate,2021-05-14 13:11:00,14-05-2021 20:46,,fullstack-phase-2,Friday,13.0,14.0,19,5.0,1908.0
6434.0,Working Professionals,Fullstack Program,Duplicate,2021-05-14 13:12:00,14-05-2021 20:47,,fullstack-phase-2,Friday,13.0,14.0,19,5.0,1908.0
6441.0,Working Professionals,Backend Program,Closed,2021-05-14 14:03:00,16-05-2021 21:20,14-05-2021 15:42,backend-phase-3,Friday,14.0,14.0,19,5.0,1908.0
6455.0,Working Professionals,Backend Program,Deleted,2021-05-14 15:16:00,14-05-2021 15:17,,system-issues,Friday,15.0,14.0,19,5.0,1908.0
6451.0,Working Professionals,Backend Program,Closed,2021-05-14 14:56:00,17-05-2021 11:40,14-05-2021 15:13,system-issues,Friday,14.0,14.0,19,5.0,1908.0
6467.0,Working Professionals,Backend Program,Closed,2021-05-14 16:43:00,16-05-2021 12:40,14-05-2021 20:37,fullstack-phase-2,Friday,16.0,14.0,19,5.0,1908.0
6469.0,Working Professionals,Backend Program,Deleted,2021-05-14 16:44:00,14-05-2021 17:14,,system-issues,Friday,16.0,14.0,19,5.0,1908.0
6475.0,Working Professionals,Fullstack Program,Closed,2021-05-14 18:00:00,17-05-2021 11:44,14-05-2021 18:13,system-issues,Friday,18.0,14.0,19,5.0,1908.0
6470.0,Working Professionals,Backend Program,Duplicate,2021-05-14 16:45:00,17-05-2021 11:43,,system-issues,Friday,16.0,14.0,19,5.0,1908.0
6466.0,Working Professionals,Backend Program,Closed,2021-05-14 16:41:00,17-05-2021 11:42,14-05-2021 16:55,system-issues,Friday,16.0,14.0,19,5.0,1908.0
6505.0,Working Professionals,Backend Program,Closed,2021-05-14 20:38:00,19-05-2021 10:54,14-05-2021 20:44,backend-phase1,Friday,20.0,14.0,19,5.0,1908.0
6506.0,Working Professionals,Backend Program,Duplicate,2021-05-14 20:39:00,17-05-2021 22:19,,backend-phase1,Friday,20.0,14.0,19,5.0,1908.0
6525.0,Student,Fullstack Program,Closed,2021-05-14 23:03:00,21-05-2021 17:53,15-05-2021 11:38,fullstack-phase-1,Friday,23.0,14.0,19,5.0,1908.0
6529.0,Working Professionals,Backend Program,Closed,2021-05-14 23:10:00,16-05-2021 21:21,16-05-2021 21:21,backend-phase2,Friday,23.0,14.0,19,5.0,1908.0
6485.0,Working Professionals,Backend Program,Deleted,2021-05-14 19:34:00,14-05-2021 20:03,,backend-phase-3,Friday,19.0,14.0,19,5.0,1908.0
6527.0,Working Professionals,Backend Program,Deleted,2021-05-14 23:08:00,14-05-2021 23:09,,backend-phase2,Friday,23.0,14.0,19,5.0,1908.0
6532.0,Working Professionals,Fullstack Program,Closed,2021-05-15 01:23:00,16-05-2021 21:08,15-05-2021 14:23,fullstack-phase-2,Saturday,1.0,15.0,19,5.0,1908.0
6537.0,Student,Fullstack Program,Deleted,2021-05-15 07:52:00,15-05-2021 08:17,,fullstack-phase-3,Saturday,7.0,15.0,19,5.0,1908.0
6548.0,Student,Fullstack Program,Closed,2021-05-15 10:38:00,18-05-2021 19:15,15-05-2021 12:28,trial phase,Saturday,10.0,15.0,19,5.0,1908.0
6487.0,Working Professionals,Fullstack Program,Closed,2021-05-14 19:39:00,17-05-2021 11:44,14-05-2021 20:08,system-issues,Friday,19.0,14.0,19,5.0,1908.0
6490.0,Working Professionals,Backend Program,Closed,2021-05-14 19:51:00,17-05-2021 11:46,14-05-2021 20:42,backend-phase1,Friday,19.0,14.0,19,5.0,1908.0
6501.0,Student,Fullstack Program,Closed,2021-05-14 20:20:00,16-05-2021 12:44,14-05-2021 20:31,fullstack-phase-2,Friday,20.0,14.0,19,5.0,1908.0
6549.0,Student,Fullstack Program,Closed,2021-05-15 10:50:00,17-05-2021 11:50,15-05-2021 12:27,fullstack-phase-2,Saturday,10.0,15.0,19,5.0,1908.0
6502.0,Working Professionals,Fullstack Program,Closed,2021-05-14 20:23:00,14-05-2021 21:26,14-05-2021 20:29,fullstack-phase-1,Friday,20.0,14.0,19,5.0,1908.0
6530.0,Working Professionals,Fullstack Program,Closed,2021-05-15 01:14:00,16-05-2021 17:00,15-05-2021 14:27,fullstack-phase-1,Saturday,1.0,15.0,19,5.0,1908.0
6535.0,Working Professionals,Backend Program,Duplicate,2021-05-15 07:22:00,16-05-2021 21:25,,backend-phase2,Saturday,7.0,15.0,19,5.0,1908.0
6556.0,Working Professionals,Fullstack Program,Closed,2021-05-15 12:27:00,16-05-2021 12:32,15-05-2021 12:32,fullstack-phase-2,Saturday,12.0,15.0,19,5.0,1907.0
6479.0,Student,Fullstack Program,Closed,2021-05-14 19:03:00,16-05-2021 12:38,14-05-2021 20:28,fullstack-phase-2,Friday,19.0,14.0,19,5.0,1908.0
6488.0,Working Professionals,Fellowship Program,Deleted,2021-05-14 19:43:00,14-05-2021 19:43,,fellowship-phase-1,Friday,19.0,14.0,19,5.0,1908.0
6489.0,Working Professionals,Fellowship Program,Closed,2021-05-14 19:43:00,17-05-2021 22:19,16-05-2021 12:08,fellowship-phase-1,Friday,19.0,14.0,19,5.0,1908.0
6507.0,Working Professionals,Backend Program,Duplicate,2021-05-14 20:39:00,17-05-2021 22:19,,backend-phase1,Friday,20.0,14.0,19,5.0,1908.0
6478.0,Working Professionals,Fullstack Program,Closed,2021-05-14 18:45:00,16-05-2021 20:38,14-05-2021 21:01,fullstack-phase-4,Friday,18.0,14.0,19,5.0,1908.0
6500.0,Working Professionals,Backend Program,Closed,2021-05-14 20:10:00,17-05-2021 11:47,14-05-2021 20:11,backend-phase2,Friday,20.0,14.0,19,5.0,1908.0
6510.0,Student,Fullstack Program,Duplicate,2021-05-14 21:11:00,17-05-2021 11:48,14-05-2021 23:08,trial phase,Friday,21.0,14.0,19,5.0,1908.0
6543.0,Student,Fullstack Program,Closed,2021-05-15 09:21:00,15-05-2021 14:17,15-05-2021 14:17,fullstack-phase-3,Saturday,9.0,15.0,19,5.0,1908.0
6503.0,Working Professionals,Fullstack Program,Closed,2021-05-14 20:31:00,14-05-2021 21:06,14-05-2021 20:34,fullstack-phase-2,Friday,20.0,14.0,19,5.0,1908.0
6508.0,Working Professionals,Backend Program,Closed,2021-05-14 20:40:00,18-05-2021 22:11,14-05-2021 22:35,system-issues,Friday,20.0,14.0,19,5.0,1908.0
6509.0,Student,Fullstack Program,Closed,2021-05-14 21:03:00,17-05-2021 11:48,14-05-2021 22:00,fullstack-phase-2,Friday,21.0,14.0,19,5.0,1908.0
6518.0,Working Professionals,Fullstack Program,Duplicate,2021-05-14 21:51:00,14-05-2021 21:55,,fullstack-phase-1,Friday,21.0,14.0,19,5.0,1908.0
6533.0,Working Professionals,Fullstack Program,Closed,2021-05-15 03:23:00,16-05-2021 12:48,15-05-2021 11:59,fullstack-phase-2,Saturday,3.0,15.0,19,5.0,1908.0
6519.0,Working Professionals,Fullstack Program,Closed,2021-05-14 21:52:00,16-05-2021 12:37,14-05-2021 21:55,fullstack-phase-1,Friday,21.0,14.0,19,5.0,1908.0
6526.0,Student,Fullstack Program,Duplicate,2021-05-14 23:05:00,15-05-2021 14:31,,fullstack-phase-1,Friday,23.0,14.0,19,5.0,1908.0
6541.0,Student,Fullstack Program,Closed,2021-05-15 09:10:00,16-05-2021 12:48,15-05-2021 11:46,fullstack-phase-1,Saturday,9.0,15.0,19,5.0,1908.0
6542.0,Student,Fullstack Program,Deleted,2021-05-15 09:15:00,15-05-2021 09:20,,fullstack-phase-3,Saturday,9.0,15.0,19,5.0,1908.0
6547.0,Working Professionals,Fullstack Program,Closed,2021-05-15 10:37:00,16-05-2021 12:48,16-05-2021 12:39,fullstack-phase-2,Saturday,10.0,15.0,19,5.0,1908.0
6534.0,Working Professionals,Backend Program,Deleted,2021-05-15 07:20:00,15-05-2021 07:21,,backend-phase2,Saturday,7.0,15.0,19,5.0,1908.0
6545.0,Working Professionals,Backend Program,Closed,2021-05-15 10:14:00,17-05-2021 11:49,15-05-2021 10:36,system-issues,Saturday,10.0,15.0,19,5.0,1908.0
6550.0,Working Professionals,Backend Program,Closed,2021-05-15 11:19:00,16-05-2021 21:22,16-05-2021 12:07,backend-phase2,Saturday,11.0,15.0,19,5.0,1907.0
6561.0,Working Professionals,Fullstack Program,Deleted,2021-05-15 13:23:00,15-05-2021 13:52,,fullstack-phase-3,Saturday,13.0,15.0,19,5.0,1907.0
6568.0,Working Professionals,Fellowship Program,Deleted,2021-05-15 14:44:00,15-05-2021 15:04,,fellowship-phase-1,Saturday,14.0,15.0,19,5.0,1907.0
6536.0,Working Professionals,Backend Program,Closed,2021-05-15 07:32:00,17-05-2021 22:20,15-05-2021 14:18,backend-phase2,Saturday,7.0,15.0,19,5.0,1908.0
6555.0,Working Professionals,Fullstack Program,Closed,2021-05-15 12:27:00,15-05-2021 14:14,15-05-2021 12:45,fullstack-phase-2,Saturday,12.0,15.0,19,5.0,1907.0
6567.0,Working Professionals,Backend Program,Deleted,2021-05-15 14:43:00,15-05-2021 14:43,,trial phase,Saturday,14.0,15.0,19,5.0,1907.0
6622.0,Working Professionals,Backend Program,Closed,2021-05-16 12:08:00,17-05-2021 11:52,16-05-2021 12:08,backend-phase-3,Sunday,12.0,16.0,19,5.0,1906.0
6627.0,Student,Fullstack Program,Waiting for mentor response,2021-05-16 12:08:00,-,16-05-2021 22:30,fullstack-phase-4,Sunday,12.0,16.0,19,5.0,1906.0
6646.0,Working Professionals,Fullstack Program,Closed,2021-05-16 12:10:00,18-05-2021 20:12,16-05-2021 12:10,fullstack-phase-1,Sunday,12.0,16.0,19,5.0,1906.0
6553.0,Working Professionals,Fullstack Program,Closed,2021-05-15 12:09:00,17-05-2021 11:50,16-05-2021 12:07,fellowship-phase-1,Saturday,12.0,15.0,19,5.0,1907.0
6558.0,Student,Fullstack Program,Closed,2021-05-15 12:47:00,16-05-2021 12:32,15-05-2021 14:12,fullstack-phase-3,Saturday,12.0,15.0,19,5.0,1907.0
6559.0,Student,Fullstack Program,Closed,2021-05-15 12:50:00,16-05-2021 12:32,16-05-2021 12:08,fullstack-phase-3,Saturday,12.0,15.0,19,5.0,1907.0
6565.0,Student,Backend Program,Closed,2021-05-15 14:24:00,18-05-2021 20:37,15-05-2021 14:46,backend-phase1,Saturday,14.0,15.0,19,5.0,1907.0
6554.0,Working Professionals,Fullstack Program,Deleted,2021-05-15 12:13:00,15-05-2021 12:42,,fullstack-phase-1,Saturday,12.0,15.0,19,5.0,1907.0
6575.0,Working Professionals,Fellowship Program,Closed,2021-05-15 15:06:00,18-05-2021 19:14,18-05-2021 19:11,fellowship-phase-1,Saturday,15.0,15.0,19,5.0,1907.0
6617.0,Working Professionals,Backend Program,Closed,2021-05-16 12:07:00,18-05-2021 11:13,16-05-2021 12:10,trial phase,Sunday,12.0,16.0,19,5.0,1906.0
6621.0,Working Professionals,Fullstack Program,Closed,2021-05-16 12:08:00,17-05-2021 11:52,16-05-2021 12:27,system-issues,Sunday,12.0,16.0,19,5.0,1906.0
6636.0,Working Professionals,Fullstack Program,Closed,2021-05-16 12:09:00,17-05-2021 19:33,16-05-2021 12:09,system-issues,Sunday,12.0,16.0,19,5.0,1906.0
6577.0,Working Professionals,Backend Program,Closed,2021-05-15 15:25:00,17-05-2021 22:23,15-05-2021 15:47,backend-phase2,Saturday,15.0,15.0,19,5.0,1907.0
6615.0,Student,Fullstack Program,Closed,2021-05-16 12:07:00,16-05-2021 12:31,16-05-2021 12:09,fullstack-phase-1,Sunday,12.0,16.0,19,5.0,1906.0
6620.0,Working Professionals,Backend Program,Closed,2021-05-16 12:08:00,17-05-2021 11:52,16-05-2021 12:11,backend-phase1,Sunday,12.0,16.0,19,5.0,1906.0
6623.0,Working Professionals,Fullstack Program,Closed,2021-05-16 12:08:00,18-05-2021 19:14,16-05-2021 14:59,fullstack-phase-3,Sunday,12.0,16.0,19,5.0,1906.0
6624.0,Student,Fullstack Program,Closed,2021-05-16 12:08:00,18-05-2021 19:14,18-05-2021 19:13,fullstack-phase-1,Sunday,12.0,16.0,19,5.0,1906.0
6629.0,Student,Fullstack Program,Closed,2021-05-16 12:08:00,18-05-2021 18:47,16-05-2021 12:08,system-issues,Sunday,12.0,16.0,19,5.0,1906.0
6616.0,Student,Fullstack Program,Closed,2021-05-16 12:07:00,18-05-2021 19:14,16-05-2021 12:08,fullstack-phase-1,Sunday,12.0,16.0,19,5.0,1906.0
6625.0,Student,Fullstack Program,Resolved,2021-05-16 12:08:00,18-05-2021 22:10,18-05-2021 19:15,fullstack-phase-1,Sunday,12.0,16.0,19,5.0,1906.0
6633.0,Student,Fullstack Program,Closed,2021-05-16 12:09:00,20-05-2021 11:24,16-05-2021 20:20,fullstack-phase-4,Sunday,12.0,16.0,19,5.0,1906.0
6641.0,Student,Fullstack Program,Closed,2021-05-16 12:10:00,16-05-2021 19:25,16-05-2021 12:10,fullstack-phase-2,Sunday,12.0,16.0,19,5.0,1906.0
6618.0,Working Professionals,Backend Program,Duplicate,2021-05-16 12:07:00,18-05-2021 11:13,16-05-2021 12:10,trial phase,Sunday,12.0,16.0,19,5.0,1906.0
6619.0,Working Professionals,Fullstack Program,Closed,2021-05-16 12:08:00,16-05-2021 12:31,16-05-2021 12:31,fullstack-phase-3,Sunday,12.0,16.0,19,5.0,1906.0
6628.0,Working Professionals,Backend Program,Closed,2021-05-16 12:08:00,16-05-2021 12:51,16-05-2021 12:09,fullstack-phase-2,Sunday,12.0,16.0,19,5.0,1906.0
6631.0,Student,Fullstack Program,Closed,2021-05-16 12:09:00,17-05-2021 11:54,16-05-2021 12:09,fullstack-phase-1,Sunday,12.0,16.0,19,5.0,1906.0
6640.0,Student,Fullstack Program,Closed,2021-05-16 12:09:00,18-05-2021 20:11,16-05-2021 19:27,fullstack-phase-4,Sunday,12.0,16.0,19,5.0,1906.0
6651.0,Student,Fullstack Program,Deleted,2021-05-16 12:11:00,16-05-2021 12:23,,fullstack-phase-1,Sunday,12.0,16.0,19,5.0,1906.0
6632.0,Student,Fullstack Program,Deleted,2021-05-16 12:09:00,16-05-2021 16:56,,system-issues,Sunday,12.0,16.0,19,5.0,1906.0
6635.0,Student,Fullstack Program,Closed,2021-05-16 12:09:00,16-05-2021 15:37,16-05-2021 15:13,fullstack-phase-3,Sunday,12.0,16.0,19,5.0,1906.0
6639.0,Working Professionals,Backend Program,Closed,2021-05-16 12:09:00,17-05-2021 11:55,16-05-2021 12:10,trial phase,Sunday,12.0,16.0,19,5.0,1906.0
6642.0,Working Professionals,Backend Program,Closed,2021-05-16 12:10:00,20-05-2021 11:24,16-05-2021 12:11,backend-phase2,Sunday,12.0,16.0,19,5.0,1906.0
6649.0,Working Professionals,Fullstack Program,Closed,2021-05-16 12:10:00,18-05-2021 23:27,18-05-2021 19:13,fullstack-phase-2,Sunday,12.0,16.0,19,5.0,1906.0
6626.0,Student,Fullstack Program,Duplicate,2021-05-16 12:08:00,18-05-2021 11:14,,fullstack-phase-4,Sunday,12.0,16.0,19,5.0,1906.0
6630.0,Working Professionals,Backend Program,Closed,2021-05-16 12:08:00,17-05-2021 11:54,16-05-2021 12:10,system-issues,Sunday,12.0,16.0,19,5.0,1906.0
6634.0,Working Professionals,Backend Program,Closed,2021-05-16 12:09:00,17-05-2021 11:54,16-05-2021 12:09,backend-phase2,Sunday,12.0,16.0,19,5.0,1906.0
6637.0,Working Professionals,Fullstack Program,Closed,2021-05-16 12:09:00,18-05-2021 22:08,18-05-2021 22:08,trial phase,Sunday,12.0,16.0,19,5.0,1906.0
6638.0,Working Professionals,Backend Program,Closed,2021-05-16 12:09:00,17-05-2021 11:55,17-05-2021 07:56,backend-phase2,Sunday,12.0,16.0,19,5.0,1906.0
6647.0,Working Professionals,Backend Program,Closed,2021-05-16 12:10:00,17-05-2021 11:57,17-05-2021 11:57,trial phase,Sunday,12.0,16.0,19,5.0,1906.0
6644.0,Student,Fullstack Program,Closed,2021-05-16 12:10:00,16-05-2021 19:24,16-05-2021 12:28,fullstack-phase-2,Sunday,12.0,16.0,19,5.0,1906.0
6652.0,Working Professionals,Backend Program,Closed,2021-05-16 12:11:00,16-05-2021 21:25,16-05-2021 12:11,backend-phase2,Sunday,12.0,16.0,19,5.0,1906.0
6653.0,Working Professionals,Fullstack Program,Closed,2021-05-16 12:11:00,16-05-2021 21:42,16-05-2021 12:11,system-issues,Sunday,12.0,16.0,19,5.0,1906.0
6656.0,Working Professionals,Fullstack Program,Closed,2021-05-16 12:11:00,16-05-2021 21:42,16-05-2021 17:03,fullstack-phase-2,Sunday,12.0,16.0,19,5.0,1906.0
6661.0,Working Professionals,Fullstack Program,Duplicate,2021-05-16 12:11:00,16-05-2021 14:18,16-05-2021 14:18,fullstack-phase-1,Sunday,12.0,16.0,19,5.0,1906.0
6643.0,Working Professionals,Backend Program,Closed,2021-05-16 12:10:00,17-05-2021 11:57,16-05-2021 12:11,backend-phase1,Sunday,12.0,16.0,19,5.0,1906.0
6648.0,Working Professionals,Fullstack Program,Duplicate,2021-05-16 12:10:00,16-05-2021 12:25,,fullstack-phase-1,Sunday,12.0,16.0,19,5.0,1906.0
6660.0,Working Professionals,Fullstack Program,Duplicate,2021-05-16 12:11:00,16-05-2021 14:18,,fullstack-phase-1,Sunday,12.0,16.0,19,5.0,1906.0
6664.0,Working Professionals,Fullstack Program,Closed,2021-05-16 12:13:00,16-05-2021 21:40,16-05-2021 12:20,fullstack-phase-2,Sunday,12.0,16.0,19,5.0,1906.0
6682.0,Working Professionals,Fullstack Program,Closed,2021-05-16 14:58:00,18-05-2021 19:13,16-05-2021 15:02,fullstack-phase-2,Sunday,14.0,16.0,19,5.0,1906.0
6645.0,Working Professionals,Backend Program,Closed,2021-05-16 12:10:00,18-05-2021 21:22,16-05-2021 12:10,trial phase,Sunday,12.0,16.0,19,5.0,1906.0
6662.0,Working Professionals,Backend Program,Closed,2021-05-16 12:11:00,16-05-2021 21:41,16-05-2021 17:02,system-issues,Sunday,12.0,16.0,19,5.0,1906.0
6665.0,Student,Fullstack Program,Closed,2021-05-16 12:24:00,16-05-2021 21:40,16-05-2021 19:24,fullstack-phase-1,Sunday,12.0,16.0,19,5.0,1906.0
6667.0,Working Professionals,Backend Program,Closed,2021-05-16 12:56:00,16-05-2021 21:25,16-05-2021 13:07,backend-phase-3,Sunday,12.0,16.0,19,5.0,1906.0
6670.0,Working Professionals,Backend Program,Closed,2021-05-16 13:32:00,17-05-2021 22:35,16-05-2021 14:02,backend-phase1,Sunday,13.0,16.0,19,5.0,1906.0
6672.0,Working Professionals,Fullstack Program,Closed,2021-05-16 13:41:00,17-05-2021 12:01,16-05-2021 18:53,fullstack-phase-2,Sunday,13.0,16.0,19,5.0,1906.0
6657.0,Working Professionals,Fullstack Program,Duplicate,2021-05-16 12:11:00,17-05-2021 12:05,17-05-2021 12:05,fullstack-phase-1,Sunday,12.0,16.0,19,5.0,1906.0
6658.0,Working Professionals,Fullstack Program,Closed,2021-05-16 12:11:00,17-05-2021 11:59,16-05-2021 14:19,fullstack-phase-1,Sunday,12.0,16.0,19,5.0,1906.0
6659.0,Working Professionals,Fullstack Program,Closed,2021-05-16 12:11:00,17-05-2021 11:59,16-05-2021 14:16,fullstack-phase-1,Sunday,12.0,16.0,19,5.0,1906.0
6671.0,Working Professionals,Backend Program,Closed,2021-05-16 13:39:00,17-05-2021 12:01,16-05-2021 17:51,trial phase,Sunday,13.0,16.0,19,5.0,1906.0
6683.0,Working Professionals,Fullstack Program,Closed,2021-05-16 14:59:00,16-05-2021 19:21,16-05-2021 18:38,fullstack-phase-4,Sunday,14.0,16.0,19,5.0,1906.0
6685.0,Student,Backend Program,Closed,2021-05-16 15:17:00,16-05-2021 19:19,16-05-2021 16:59,trial phase,Sunday,15.0,16.0,19,5.0,1906.0
6666.0,Working Professionals,Fullstack Program,Closed,2021-05-16 12:34:00,16-05-2021 21:39,16-05-2021 15:01,fullstack-phase-2,Sunday,12.0,16.0,19,5.0,1906.0
6675.0,Working Professionals,Backend Program,Closed,2021-05-16 13:58:00,17-05-2021 22:35,16-05-2021 14:00,backend-phase1,Sunday,13.0,16.0,19,5.0,1906.0
6679.0,Working Professionals,Backend Program,Deleted,2021-05-16 14:52:00,16-05-2021 15:25,,trial phase,Sunday,14.0,16.0,19,5.0,1906.0
6730.0,Working Professionals,Backend Program,Duplicate,2021-05-16 19:42:00,16-05-2021 21:16,,backend-phase2,Sunday,19.0,16.0,19,5.0,1906.0
6650.0,Working Professionals,Fullstack Program,Closed,2021-05-16 12:11:00,18-05-2021 20:38,18-05-2021 19:15,fullstack-phase-1,Sunday,12.0,16.0,19,5.0,1906.0
6654.0,Working Professionals,Fullstack Program,Duplicate,2021-05-16 12:11:00,16-05-2021 14:19,,fullstack-phase-2,Sunday,12.0,16.0,19,5.0,1906.0
6663.0,Working Professionals,Backend Program,Closed,2021-05-16 12:12:00,17-05-2021 12:00,16-05-2021 12:12,backend-phase2,Sunday,12.0,16.0,19,5.0,1906.0
6708.0,Working Professionals,Fullstack Program,Closed,2021-05-16 18:17:00,16-05-2021 19:17,16-05-2021 19:17,trial phase,Sunday,18.0,16.0,19,5.0,1906.0
6710.0,Working Professionals,Backend Program,Closed,2021-05-16 18:21:00,18-05-2021 23:28,16-05-2021 21:09,fullstack-phase-2,Sunday,18.0,16.0,19,5.0,1906.0
6720.0,Working Professionals,Backend Program,Closed,2021-05-16 19:13:00,16-05-2021 21:18,16-05-2021 19:20,backend-phase2,Sunday,19.0,16.0,19,5.0,1906.0
6669.0,Working Professionals,Fullstack Program,Closed,2021-05-16 13:13:00,19-05-2021 10:12,18-05-2021 19:15,fullstack-phase-1,Sunday,13.0,16.0,19,5.0,1906.0
6686.0,Student,Fellowship Program,Closed,2021-05-16 15:22:00,18-05-2021 19:13,17-05-2021 00:13,fellowship-phase-1,Sunday,15.0,16.0,19,5.0,1906.0
6691.0,Working Professionals,Fellowship Program,Closed,2021-05-16 15:43:00,18-05-2021 11:24,18-05-2021 19:13,fellowship-phase-1,Sunday,15.0,16.0,19,5.0,1906.0
6673.0,Working Professionals,Fullstack Program,Closed,2021-05-16 13:55:00,18-05-2021 19:13,16-05-2021 18:24,fullstack-phase-2,Sunday,13.0,16.0,19,5.0,1906.0
6680.0,Working Professionals,Fullstack Program,Closed,2021-05-16 14:53:00,16-05-2021 15:38,16-05-2021 15:06,fullstack-phase-2,Sunday,14.0,16.0,19,5.0,1906.0
6684.0,Working Professionals,Backend Program,Closed,2021-05-16 15:03:00,17-05-2021 12:03,16-05-2021 15:22,backend-phase-3,Sunday,15.0,16.0,19,5.0,1906.0
6700.0,Working Professionals,Backend Program,Closed,2021-05-16 16:30:00,16-05-2021 21:27,16-05-2021 16:32,backend-phase2,Sunday,16.0,16.0,19,5.0,1906.0
6702.0,Working Professionals,Fullstack Program,Closed,2021-05-16 17:17:00,16-05-2021 17:59,16-05-2021 17:18,fullstack-phase-3,Sunday,17.0,16.0,19,5.0,1906.0
6677.0,Student,Fellowship Program,Closed,2021-05-16 14:49:00,17-05-2021 22:35,18-05-2021 19:12,fellowship-phase-1,Sunday,14.0,16.0,19,5.0,1906.0
6687.0,Student,Fellowship Program,Duplicate,2021-05-16 15:22:00,18-05-2021 23:28,,fellowship-phase-1,Sunday,15.0,16.0,19,5.0,1906.0
6690.0,Student,Fellowship Program,Closed,2021-05-16 15:43:00,18-05-2021 17:06,18-05-2021 19:24,fellowship-phase-1,Sunday,15.0,16.0,19,5.0,1906.0
6701.0,Working Professionals,Fullstack Program,Closed,2021-05-16 16:47:00,16-05-2021 16:59,16-05-2021 16:59,fullstack-phase-3,Sunday,16.0,16.0,19,5.0,1906.0
6711.0,Working Professionals,Backend Program,Closed,2021-05-16 18:33:00,16-05-2021 21:36,16-05-2021 18:44,system-issues,Sunday,18.0,16.0,19,5.0,1906.0
6698.0,Working Professionals,Backend Program,Closed,2021-05-16 16:21:00,16-05-2021 21:37,16-05-2021 17:01,system-issues,Sunday,16.0,16.0,19,5.0,1906.0
6709.0,Student,Fullstack Program,Closed,2021-05-16 18:19:00,17-05-2021 12:06,17-05-2021 12:06,trial phase,Sunday,18.0,16.0,19,5.0,1906.0
6713.0,Working Professionals,Fullstack Program,Closed,2021-05-16 18:43:00,16-05-2021 21:36,16-05-2021 19:25,trial phase,Sunday,18.0,16.0,19,5.0,1906.0
6718.0,Working Professionals,Backend Program,Closed,2021-05-16 18:53:00,16-05-2021 21:33,16-05-2021 21:33,backend-phase1,Sunday,18.0,16.0,19,5.0,1906.0
6688.0,Working Professionals,Fellowship Program,Closed,2021-05-16 15:29:00,17-05-2021 22:34,17-05-2021 00:13,fellowship-phase-1,Sunday,15.0,16.0,19,5.0,1906.0
6724.0,Working Professionals,Backend Program,Closed,2021-05-16 19:29:00,17-05-2021 19:33,18-05-2021 18:19,system-issues,Sunday,19.0,16.0,19,5.0,1906.0
6750.0,Working Professionals,Fullstack Program,Closed,2021-05-16 22:02:00,18-05-2021 19:12,18-05-2021 19:13,fullstack-phase-2,Sunday,22.0,16.0,19,5.0,1906.0
6699.0,Student,Backend Program,Closed,2021-05-16 16:25:00,16-05-2021 21:24,16-05-2021 16:30,backend-phase2,Sunday,16.0,16.0,19,5.0,1906.0
6704.0,Working Professionals,Backend Program,Closed,2021-05-16 17:26:00,16-05-2021 19:18,16-05-2021 19:18,trial phase,Sunday,17.0,16.0,19,5.0,1906.0
6706.0,Working Professionals,Fullstack Program,Deleted,2021-05-16 18:12:00,16-05-2021 18:21,,fullstack-phase-2,Sunday,18.0,16.0,19,5.0,1906.0
6715.0,Working Professionals,Backend Program,Closed,2021-05-16 18:47:00,16-05-2021 21:27,16-05-2021 18:47,backend-phase2,Sunday,18.0,16.0,19,5.0,1906.0
6717.0,Working Professionals,Backend Program,Closed,2021-05-16 18:48:00,16-05-2021 21:34,16-05-2021 21:34,backend-phase1,Sunday,18.0,16.0,19,5.0,1906.0
6728.0,Working Professionals,Backend Program,Duplicate,2021-05-16 19:42:00,16-05-2021 21:18,,backend-phase2,Sunday,19.0,16.0,19,5.0,1906.0
6748.0,Working Professionals,Backend Program,Closed,2021-05-16 20:49:00,21-05-2021 17:44,18-05-2021 18:16,backend-phase-3,Sunday,20.0,16.0,19,5.0,1906.0
6761.0,Working Professionals,Fullstack Program,Closed,2021-05-17 03:27:00,18-05-2021 19:12,18-05-2021 18:19,fullstack-phase-1,Monday,3.0,17.0,20,5.0,1906.0
6716.0,Working Professionals,Backend Program,Closed,2021-05-16 18:47:00,16-05-2021 21:34,16-05-2021 18:47,backend-phase1,Sunday,18.0,16.0,19,5.0,1906.0
6719.0,Working Professionals,Backend Program,Closed,2021-05-16 19:12:00,16-05-2021 21:15,16-05-2021 21:15,backend-phase2,Sunday,19.0,16.0,19,5.0,1906.0
6739.0,Student,Backend Program,Closed,2021-05-16 20:10:00,18-05-2021 21:52,16-05-2021 21:17,backend-phase2,Sunday,20.0,16.0,19,5.0,1906.0
6751.0,Working Professionals,Fullstack Program,Closed,2021-05-16 22:03:00,18-05-2021 11:27,18-05-2021 19:13,fullstack-phase-2,Sunday,22.0,16.0,19,5.0,1906.0
6752.0,Working Professionals,Fullstack Program,Closed,2021-05-16 22:05:00,18-05-2021 11:27,18-05-2021 19:13,fullstack-phase-2,Sunday,22.0,16.0,19,5.0,1906.0
6754.0,Working Professionals,Backend Program,Closed,2021-05-16 22:42:00,18-05-2021 15:17,18-05-2021 18:17,backend-phase2,Sunday,22.0,16.0,19,5.0,1906.0
6723.0,Student,Fellowship Program,Resolved,2021-05-16 19:29:00,16-05-2021 21:32,16-05-2021 19:40,system-issues,Sunday,19.0,16.0,19,5.0,1906.0
6727.0,Student,Fullstack Program,Duplicate,2021-05-16 19:40:00,16-05-2021 20:26,,fullstack-phase-2,Sunday,19.0,16.0,19,5.0,1906.0
6729.0,Working Professionals,Backend Program,Duplicate,2021-05-16 19:42:00,16-05-2021 21:17,16-05-2021 21:17,backend-phase2,Sunday,19.0,16.0,19,5.0,1906.0
6741.0,Working Professionals,Backend Program,Closed,2021-05-16 20:14:00,17-05-2021 22:33,16-05-2021 20:17,backend-phase1,Sunday,20.0,16.0,19,5.0,1906.0
6757.0,Student,Fullstack Program,Closed,2021-05-17 00:26:00,17-05-2021 12:10,17-05-2021 07:55,fullstack-phase-1,Monday,0.0,17.0,20,5.0,1906.0
6732.0,Working Professionals,Fullstack Program,Deleted,2021-05-16 19:44:00,16-05-2021 19:54,,fullstack-phase-1,Sunday,19.0,16.0,19,5.0,1906.0
6744.0,Working Professionals,Backend Program,Closed,2021-05-16 20:31:00,16-05-2021 21:16,16-05-2021 20:34,backend-phase-3,Sunday,20.0,16.0,19,5.0,1906.0
6745.0,Student,Fullstack Program,Closed,2021-05-16 20:38:00,18-05-2021 17:16,18-05-2021 19:24,fullstack-phase-1,Sunday,20.0,16.0,19,5.0,1906.0
6731.0,Working Professionals,Backend Program,Duplicate,2021-05-16 19:42:00,16-05-2021 21:14,,backend-phase2,Sunday,19.0,16.0,19,5.0,1906.0
6736.0,Working Professionals,Fullstack Program,Closed,2021-05-16 19:54:00,17-05-2021 12:07,16-05-2021 21:22,fullstack-phase-2,Sunday,19.0,16.0,19,5.0,1906.0
6738.0,Student,Backend Program,Deleted,2021-05-16 20:06:00,16-05-2021 20:06,,backend-phase2,Sunday,20.0,16.0,19,5.0,1906.0
6743.0,Student,Fullstack Program,Closed,2021-05-16 20:28:00,18-05-2021 19:12,16-05-2021 21:31,fullstack-phase-3,Sunday,20.0,16.0,19,5.0,1906.0
6756.0,Working Professionals,Fullstack Program,Closed,2021-05-16 23:22:00,19-05-2021 10:57,18-05-2021 18:20,fullstack-phase-2,Sunday,23.0,16.0,19,5.0,1906.0
6734.0,Working Professionals,Fullstack Program,Deleted,2021-05-16 19:45:00,16-05-2021 19:54,,fullstack-phase-1,Sunday,19.0,16.0,19,5.0,1906.0
6737.0,Student,Fullstack Program,Closed,2021-05-16 19:58:00,19-05-2021 17:12,16-05-2021 20:16,fullstack-phase-2,Sunday,19.0,16.0,19,5.0,1906.0
6742.0,Working Professionals,Backend Program,Closed,2021-05-16 20:21:00,17-05-2021 12:08,17-05-2021 12:08,backend-phase2,Sunday,20.0,16.0,19,5.0,1906.0
6747.0,Student,Fullstack Program,Closed,2021-05-16 20:42:00,18-05-2021 21:53,16-05-2021 21:12,fullstack-phase-2,Sunday,20.0,16.0,19,5.0,1906.0
6764.0,Working Professionals,Fullstack Program,Closed,2021-05-17 03:42:00,18-05-2021 15:09,18-05-2021 19:15,fullstack-phase-1,Monday,3.0,17.0,20,5.0,1906.0
6770.0,Student,Fullstack Program,Deleted,2021-05-17 09:15:00,17-05-2021 09:16,,fullstack-phase-3,Monday,9.0,17.0,20,5.0,1906.0
6760.0,Student,Fullstack Program,Closed,2021-05-17 00:44:00,18-05-2021 20:16,18-05-2021 19:24,fullstack-phase-3,Monday,0.0,17.0,20,5.0,1906.0
6766.0,Working Professionals,Fullstack Program,Duplicate,2021-05-17 08:13:00,19-05-2021 21:55,18-05-2021 18:20,fullstack-phase-1,Monday,8.0,17.0,20,5.0,1906.0
6775.0,Working Professionals,Backend Program,Duplicate,2021-05-17 10:26:00,18-05-2021 18:50,18-05-2021 19:25,fullstack-phase-1,Monday,10.0,17.0,20,5.0,1906.0
6755.0,Working Professionals,Fellowship Program,Closed,2021-05-16 23:12:00,18-05-2021 22:54,16-05-2021 23:28,fellowship-phase-1,Sunday,23.0,16.0,19,5.0,1906.0
6759.0,Working Professionals,Backend Program,Closed,2021-05-17 00:33:00,18-05-2021 19:12,18-05-2021 18:16,backend-phase2,Monday,0.0,17.0,20,5.0,1906.0
6762.0,Working Professionals,Fullstack Program,Duplicate,2021-05-17 03:27:00,18-05-2021 15:10,,fullstack-phase-1,Monday,3.0,17.0,20,5.0,1906.0
6790.0,Student,Fullstack Program,Closed,2021-05-17 12:24:00,20-05-2021 11:25,18-05-2021 18:20,fullstack-phase-1,Monday,12.0,17.0,20,5.0,1905.0
6767.0,Working Professionals,Fullstack Program,Closed,2021-05-17 08:43:00,18-05-2021 23:29,18-05-2021 18:17,fullstack-phase-3,Monday,8.0,17.0,20,5.0,1906.0
6781.0,Working Professionals,Backend Program,Closed,2021-05-17 11:20:00,18-05-2021 11:32,18-05-2021 18:16,trial phase,Monday,11.0,17.0,20,5.0,1905.0
6788.0,Working Professionals,Backend Program,Closed,2021-05-17 12:05:00,18-05-2021 18:46,17-05-2021 12:43,system-issues,Monday,12.0,17.0,20,5.0,1905.0
6773.0,Student,Fullstack Program,Resolved,2021-05-17 10:04:00,18-05-2021 22:17,18-05-2021 22:08,fullstack-phase-4,Monday,10.0,17.0,20,5.0,1906.0
6780.0,Student,Fullstack Program,Deleted,2021-05-17 11:16:00,17-05-2021 12:08,,fullstack-phase-2,Monday,11.0,17.0,20,5.0,1905.0
6782.0,Working Professionals,Fellowship Program,Duplicate,2021-05-17 11:35:00,18-05-2021 19:06,,fellowship-phase-1,Monday,11.0,17.0,20,5.0,1905.0
6783.0,Working Professionals,Fellowship Program,Closed,2021-05-17 11:36:00,18-05-2021 21:00,18-05-2021 18:19,fellowship-phase-1,Monday,11.0,17.0,20,5.0,1905.0
6784.0,Working Professionals,Fellowship Program,Duplicate,2021-05-17 11:38:00,18-05-2021 11:33,,fellowship-phase-1,Monday,11.0,17.0,20,5.0,1905.0
6785.0,Working Professionals,Fellowship Program,Duplicate,2021-05-17 11:39:00,18-05-2021 11:33,18-05-2021 18:19,fellowship-phase-1,Monday,11.0,17.0,20,5.0,1905.0
6787.0,Student,Fullstack Program,Closed,2021-05-17 11:46:00,18-05-2021 11:34,18-05-2021 18:20,fullstack-phase-1,Monday,11.0,17.0,20,5.0,1905.0
6771.0,Student,Fullstack Program,Closed,2021-05-17 09:24:00,18-05-2021 19:08,18-05-2021 18:20,fullstack-phase-3,Monday,9.0,17.0,20,5.0,1906.0
6774.0,Working Professionals,Fellowship Program,Resolved,2021-05-17 10:23:00,18-05-2021 22:00,17-05-2021 11:19,system-issues,Monday,10.0,17.0,20,5.0,1906.0
6776.0,Working Professionals,Backend Program,Closed,2021-05-17 10:26:00,21-05-2021 21:39,18-05-2021 18:16,fullstack-phase-1,Monday,10.0,17.0,20,5.0,1906.0
6789.0,Working Professionals,Fellowship Program,Closed,2021-05-17 12:07:00,17-05-2021 19:32,17-05-2021 12:44,system-issues,Monday,12.0,17.0,20,5.0,1905.0
6763.0,Working Professionals,Fullstack Program,Duplicate,2021-05-17 03:27:00,17-05-2021 21:21,,fullstack-phase-1,Monday,3.0,17.0,20,5.0,1906.0
6777.0,Working Professionals,Fellowship Program,Duplicate,2021-05-17 10:32:00,18-05-2021 21:52,18-05-2021 18:19,system-issues,Monday,10.0,17.0,20,5.0,1906.0
6830.0,Student,Fullstack Program,Closed,2021-05-18 18:17:00,18-05-2021 19:04,18-05-2021 19:11,fullstack-phase-2,Tuesday,18.0,18.0,20,5.0,1904.0
6831.0,Working Professionals,Fullstack Program,Closed,2021-05-18 18:17:00,20-05-2021 21:34,18-05-2021 18:20,fullstack-phase-1,Tuesday,18.0,18.0,20,5.0,1904.0
6832.0,Working Professionals,Fellowship Program,Closed,2021-05-18 18:17:00,20-05-2021 14:47,18-05-2021 19:25,fellowship-phase-1,Tuesday,18.0,18.0,20,5.0,1904.0
6833.0,Working Professionals,Fullstack Program,Closed,2021-05-18 18:17:00,19-05-2021 21:06,18-05-2021 18:20,fullstack-phase-2,Tuesday,18.0,18.0,20,5.0,1904.0
6841.0,Working Professionals,Backend Program,Closed,2021-05-18 18:18:00,18-05-2021 18:47,18-05-2021 18:18,system-issues,Tuesday,18.0,18.0,20,5.0,1904.0
6843.0,Working Professionals,Fullstack Program,Duplicate,2021-05-18 18:19:00,18-05-2021 18:51,,system-issues,Tuesday,18.0,18.0,20,5.0,1904.0
6828.0,Student,Backend Program,Closed,2021-05-18 18:17:00,18-05-2021 18:54,18-05-2021 18:19,trial phase,Tuesday,18.0,18.0,20,5.0,1904.0
6838.0,Working Professionals,Fullstack Program,Closed,2021-05-18 18:18:00,18-05-2021 18:22,18-05-2021 19:11,fullstack-phase-2,Tuesday,18.0,18.0,20,5.0,1904.0
6864.0,Working Professionals,Backend Program,Closed,2021-05-18 19:12:00,18-05-2021 23:33,18-05-2021 19:14,system-issues,Tuesday,19.0,18.0,20,5.0,1904.0
6829.0,Student,Backend Program,Closed,2021-05-18 18:17:00,18-05-2021 18:28,18-05-2021 18:17,trial phase,Tuesday,18.0,18.0,20,5.0,1904.0
6850.0,Student,Fellowship Program,Closed,2021-05-18 18:20:00,18-05-2021 22:25,18-05-2021 20:14,fellowship-phase-1,Tuesday,18.0,18.0,20,5.0,1904.0
6853.0,Working Professionals,Fullstack Program,Closed,2021-05-18 18:20:00,18-05-2021 18:28,18-05-2021 19:25,trial phase,Tuesday,18.0,18.0,20,5.0,1904.0
6859.0,Working Professionals,Backend Program,Closed,2021-05-18 19:11:00,20-05-2021 19:59,18-05-2021 19:11,backend-phase-3,Tuesday,19.0,18.0,20,5.0,1904.0
6826.0,Working Professionals,Backend Program,Closed,2021-05-18 18:16:00,18-05-2021 18:54,18-05-2021 18:16,backend-phase-3,Tuesday,18.0,18.0,20,5.0,1904.0
6827.0,Working Professionals,Fullstack Program,Deleted,2021-05-18 18:17:00,18-05-2021 18:17,,fullstack-phase-1,Tuesday,18.0,18.0,20,5.0,1904.0
6834.0,Working Professionals,Fullstack Program,Duplicate,2021-05-18 18:17:00,18-05-2021 18:57,,fullstack-phase-2,Tuesday,18.0,18.0,20,5.0,1904.0
6837.0,Student,Fellowship Program,Closed,2021-05-18 18:18:00,19-05-2021 12:28,18-05-2021 18:19,fellowship-phase-1,Tuesday,18.0,18.0,20,5.0,1904.0
6848.0,Working Professionals,Backend Program,Closed,2021-05-18 18:19:00,20-05-2021 21:37,18-05-2021 20:22,fellowship-phase-1,Tuesday,18.0,18.0,20,5.0,1904.0
6825.0,Working Professionals,Fullstack Program,Closed,2021-05-18 18:16:00,18-05-2021 18:54,18-05-2021 19:25,fullstack-phase-3,Tuesday,18.0,18.0,20,5.0,1904.0
6836.0,Working Professionals,Fullstack Program,Resolved,2021-05-18 18:18:00,18-05-2021 22:09,18-05-2021 19:25,fullstack-phase-4,Tuesday,18.0,18.0,20,5.0,1904.0
6842.0,Working Professionals,Fullstack Program,Closed,2021-05-18 18:19:00,18-05-2021 18:51,18-05-2021 18:19,system-issues,Tuesday,18.0,18.0,20,5.0,1904.0
6847.0,Working Professionals,Backend Program,Closed,2021-05-18 18:19:00,18-05-2021 20:26,18-05-2021 18:20,backend-phase2,Tuesday,18.0,18.0,20,5.0,1904.0
6855.0,Working Professionals,Fullstack Program,Closed,2021-05-18 18:21:00,18-05-2021 23:32,18-05-2021 19:25,fullstack-phase-1,Tuesday,18.0,18.0,20,5.0,1904.0
6824.0,Student,Fullstack Program,Duplicate,2021-05-18 18:16:00,19-05-2021 21:54,,fullstack-phase-2,Tuesday,18.0,18.0,20,5.0,1904.0
6835.0,Student,Backend Program,Closed,2021-05-18 18:17:00,18-05-2021 18:57,18-05-2021 18:20,backend-phase1,Tuesday,18.0,18.0,20,5.0,1904.0
6839.0,Working Professionals,Fellowship Program,Closed,2021-05-18 18:18:00,18-05-2021 18:47,18-05-2021 18:18,system-issues,Tuesday,18.0,18.0,20,5.0,1904.0
6840.0,Working Professionals,Backend Program,Closed,2021-05-18 18:18:00,18-05-2021 18:47,18-05-2021 18:18,system-issues,Tuesday,18.0,18.0,20,5.0,1904.0
6844.0,Working Professionals,Fullstack Program,Duplicate,2021-05-18 18:19:00,18-05-2021 18:51,,system-issues,Tuesday,18.0,18.0,20,5.0,1904.0
6846.0,Working Professionals,Fullstack Program,Closed,2021-05-18 18:19:00,18-05-2021 18:58,18-05-2021 18:19,trial phase,Tuesday,18.0,18.0,20,5.0,1904.0
6879.0,Working Professionals,Backend Program,Closed,2021-05-18 19:13:00,18-05-2021 22:43,18-05-2021 19:14,system-issues,Tuesday,19.0,18.0,20,5.0,1904.0
6894.0,Working Professionals,Backend Program,Closed,2021-05-18 19:14:00,21-05-2021 13:52,18-05-2021 19:14,fullstack-phase-2,Tuesday,19.0,18.0,20,5.0,1904.0
6845.0,Working Professionals,Backend Program,Closed,2021-05-18 18:19:00,18-05-2021 18:58,18-05-2021 18:20,backend-phase2,Tuesday,18.0,18.0,20,5.0,1904.0
6849.0,Student,Fullstack Program,Deleted,2021-05-18 18:19:00,18-05-2021 18:20,,fullstack-phase-1,Tuesday,18.0,18.0,20,5.0,1904.0
6857.0,Working Professionals,Fullstack Program,Duplicate,2021-05-18 19:11:00,18-05-2021 23:32,,fullstack-phase-1,Tuesday,19.0,18.0,20,5.0,1904.0
6858.0,Working Professionals,Backend Program,Duplicate,2021-05-18 19:11:00,18-05-2021 20:25,,backend-phase-3,Tuesday,19.0,18.0,20,5.0,1904.0
6860.0,Student,Fullstack Program,Closed,2021-05-18 19:11:00,18-05-2021 23:33,18-05-2021 23:33,fullstack-phase-2,Tuesday,19.0,18.0,20,5.0,1904.0
6868.0,Student,Fullstack Program,Closed,2021-05-18 19:12:00,19-05-2021 11:04,19-05-2021 01:39,fullstack-phase-4,Tuesday,19.0,18.0,20,5.0,1904.0
6851.0,Student,Fullstack Program,Closed,2021-05-18 18:20:00,18-05-2021 20:33,18-05-2021 19:12,fullstack-phase-2,Tuesday,18.0,18.0,20,5.0,1904.0
6852.0,Working Professionals,Backend Program,Resolved,2021-05-18 18:20:00,18-05-2021 22:09,18-05-2021 18:21,system-issues,Tuesday,18.0,18.0,20,5.0,1904.0
6873.0,Student,Fullstack Program,Closed,2021-05-18 19:12:00,18-05-2021 23:35,18-05-2021 23:35,fullstack-phase-3,Tuesday,19.0,18.0,20,5.0,1904.0
6888.0,Student,Backend Program,Closed,2021-05-18 19:13:00,20-05-2021 11:27,18-05-2021 19:13,backend-phase-3,Tuesday,19.0,18.0,20,5.0,1904.0
6900.0,Student,Fullstack Program,Closed,2021-05-18 19:15:00,19-05-2021 11:10,19-05-2021 05:30,fullstack-phase-1,Tuesday,19.0,18.0,20,5.0,1904.0
6901.0,Working Professionals,Fullstack Program,Closed,2021-05-18 19:15:00,18-05-2021 20:44,18-05-2021 20:43,fullstack-phase-1,Tuesday,19.0,18.0,20,5.0,1904.0
6854.0,Working Professionals,Fullstack Program,Closed,2021-05-18 18:21:00,18-05-2021 19:00,18-05-2021 19:11,fullstack-phase-1,Tuesday,18.0,18.0,20,5.0,1904.0
6865.0,Student,Fellowship Program,Duplicate,2021-05-18 19:12:00,18-05-2021 22:48,,fellowship-phase-1,Tuesday,19.0,18.0,20,5.0,1904.0
6867.0,Working Professionals,Backend Program,Duplicate,2021-05-18 19:12:00,18-05-2021 23:33,,system-issues,Tuesday,19.0,18.0,20,5.0,1904.0
6863.0,Working Professionals,Fullstack Program,Closed,2021-05-18 19:11:00,19-05-2021 11:03,19-05-2021 11:03,fullstack-phase-1,Tuesday,19.0,18.0,20,5.0,1904.0
6884.0,Working Professionals,Backend Program,Resolved,2021-05-18 19:13:00,18-05-2021 22:05,18-05-2021 19:14,system-issues,Tuesday,19.0,18.0,20,5.0,1904.0
6906.0,Student,Backend Program,Closed,2021-05-18 19:16:00,18-05-2021 23:39,18-05-2021 19:24,backend-phase1,Tuesday,19.0,18.0,20,5.0,1904.0
6907.0,Student,Backend Program,Closed,2021-05-18 19:23:00,18-05-2021 23:39,,backend-phase1,Tuesday,19.0,18.0,20,5.0,1904.0
6861.0,Student,Fullstack Program,Resolved,2021-05-18 19:11:00,18-05-2021 22:08,18-05-2021 19:13,fullstack-phase-1,Tuesday,19.0,18.0,20,5.0,1904.0
6862.0,Working Professionals,Backend Program,Closed,2021-05-18 19:11:00,18-05-2021 20:56,18-05-2021 19:12,backend-phase2,Tuesday,19.0,18.0,20,5.0,1904.0
6866.0,Student,Fellowship Program,Duplicate,2021-05-18 19:12:00,18-05-2021 22:48,,fellowship-phase-1,Tuesday,19.0,18.0,20,5.0,1904.0
6876.0,Working Professionals,Backend Program,Closed,2021-05-18 19:12:00,20-05-2021 11:27,18-05-2021 19:13,backend-phase2,Tuesday,19.0,18.0,20,5.0,1904.0
6883.0,Student,Fullstack Program,Deleted,2021-05-18 19:13:00,18-05-2021 19:24,,fullstack-phase-3,Tuesday,19.0,18.0,20,5.0,1904.0
6886.0,Working Professionals,Backend Program,Duplicate,2021-05-18 19:13:00,18-05-2021 22:46,18-05-2021 19:40,system-issues,Tuesday,19.0,18.0,20,5.0,1904.0
6889.0,Working Professionals,Fullstack Program,Closed,2021-05-18 19:14:00,20-05-2021 15:13,18-05-2021 19:24,fullstack-phase-3,Tuesday,19.0,18.0,20,5.0,1904.0
6877.0,Student,Fullstack Program,Closed,2021-05-18 19:13:00,19-05-2021 11:05,18-05-2021 19:24,fullstack-phase-3,Tuesday,19.0,18.0,20,5.0,1904.0
6887.0,Working Professionals,Backend Program,Duplicate,2021-05-18 19:13:00,18-05-2021 22:46,,system-issues,Tuesday,19.0,18.0,20,5.0,1904.0
6893.0,Working Professionals,Backend Program,Resolved,2021-05-18 19:14:00,18-05-2021 22:28,18-05-2021 19:14,fullstack-phase-1,Tuesday,19.0,18.0,20,5.0,1904.0
6895.0,Working Professionals,Fullstack Program,Closed,2021-05-18 19:14:00,18-05-2021 23:37,18-05-2021 19:14,fullstack-phase-2,Tuesday,19.0,18.0,20,5.0,1904.0
6896.0,Student,Fellowship Program,Closed,2021-05-18 19:14:00,19-05-2021 12:27,19-05-2021 12:28,fellowship-phase-1,Tuesday,19.0,18.0,20,5.0,1904.0
6869.0,Working Professionals,Fullstack Program,Closed,2021-05-18 19:12:00,19-05-2021 11:04,18-05-2021 23:34,fullstack-phase-3,Tuesday,19.0,18.0,20,5.0,1904.0
6870.0,Student,Fullstack Program,Duplicate,2021-05-18 19:12:00,19-05-2021 11:04,,fullstack-phase-4,Tuesday,19.0,18.0,20,5.0,1904.0
6871.0,Working Professionals,Backend Program,Closed,2021-05-18 19:12:00,19-05-2021 11:04,18-05-2021 19:13,backend-phase-3,Tuesday,19.0,18.0,20,5.0,1904.0
6872.0,Working Professionals,Backend Program,Duplicate,2021-05-18 19:12:00,18-05-2021 20:28,,backend-phase-3,Tuesday,19.0,18.0,20,5.0,1904.0
6874.0,Working Professionals,Fullstack Program,Closed,2021-05-18 19:12:00,18-05-2021 20:36,18-05-2021 20:36,fullstack-phase-2,Tuesday,19.0,18.0,20,5.0,1904.0
6880.0,Working Professionals,Backend Program,Duplicate,2021-05-18 19:13:00,18-05-2021 22:43,,system-issues,Tuesday,19.0,18.0,20,5.0,1904.0
6885.0,Working Professionals,Backend Program,Closed,2021-05-18 19:13:00,18-05-2021 22:46,18-05-2021 19:14,system-issues,Tuesday,19.0,18.0,20,5.0,1904.0
6875.0,Working Professionals,Fellowship Program,Closed,2021-05-18 19:12:00,18-05-2021 23:35,18-05-2021 19:14,fellowship-phase-1,Tuesday,19.0,18.0,20,5.0,1904.0
6878.0,Student,Fullstack Program,Closed,2021-05-18 19:13:00,18-05-2021 23:36,18-05-2021 19:24,fullstack-phase-3,Tuesday,19.0,18.0,20,5.0,1904.0
6881.0,Working Professionals,Backend Program,Duplicate,2021-05-18 19:13:00,18-05-2021 22:43,,system-issues,Tuesday,19.0,18.0,20,5.0,1904.0
6910.0,Working Professionals,Backend Program,Closed,2021-05-18 19:23:00,19-05-2021 21:52,19-05-2021 21:08,fullstack-phase-2,Tuesday,19.0,18.0,20,5.0,1904.0
6913.0,Student,Fullstack Program,Closed,2021-05-18 19:23:00,19-05-2021 11:12,18-05-2021 20:56,fullstack-phase-2,Tuesday,19.0,18.0,20,5.0,1904.0
6916.0,Working Professionals,Backend Program,Closed,2021-05-18 19:24:00,18-05-2021 23:42,18-05-2021 19:25,system-issues,Tuesday,19.0,18.0,20,5.0,1904.0
6891.0,Working Professionals,Fullstack Program,Closed,2021-05-18 19:14:00,19-05-2021 17:13,18-05-2021 23:37,fullstack-phase-1,Tuesday,19.0,18.0,20,5.0,1904.0
6914.0,Student,Fullstack Program,Closed,2021-05-18 19:24:00,20-05-2021 11:31,18-05-2021 19:24,fullstack-phase-3,Tuesday,19.0,18.0,20,5.0,1904.0
6890.0,Working Professionals,Fullstack Program,Resolved,2021-05-18 19:14:00,18-05-2021 22:31,18-05-2021 21:20,fullstack-phase-1,Tuesday,19.0,18.0,20,5.0,1904.0
6892.0,Working Professionals,Fullstack Program,Duplicate,2021-05-18 19:14:00,18-05-2021 20:41,,fullstack-phase-1,Tuesday,19.0,18.0,20,5.0,1904.0
6897.0,Working Professionals,Fullstack Program,Closed,2021-05-18 19:15:00,18-05-2021 23:37,18-05-2021 20:41,fullstack-phase-1,Tuesday,19.0,18.0,20,5.0,1904.0
6903.0,Student,Fullstack Program,Closed,2021-05-18 19:15:00,18-05-2021 21:04,18-05-2021 19:24,fullstack-phase-2,Tuesday,19.0,18.0,20,5.0,1904.0
6904.0,Student,Fullstack Program,Closed,2021-05-18 19:16:00,21-05-2021 20:19,19-05-2021 19:11,fullstack-phase-1,Tuesday,19.0,18.0,20,5.0,1904.0
6924.0,Working Professionals,Backend Program,Closed,2021-05-18 19:25:00,19-05-2021 11:13,19-05-2021 11:13,fullstack-phase-2,Tuesday,19.0,18.0,20,5.0,1904.0
6899.0,Student,Backend Program,Closed,2021-05-18 19:15:00,19-05-2021 11:10,18-05-2021 19:15,backend-phase2,Tuesday,19.0,18.0,20,5.0,1904.0
6912.0,Working Professionals,Backend Program,Closed,2021-05-18 19:23:00,20-05-2021 11:31,18-05-2021 19:24,backend-phase1,Tuesday,19.0,18.0,20,5.0,1904.0
6921.0,Working Professionals,Fullstack Program,Closed,2021-05-18 19:25:00,18-05-2021 23:42,18-05-2021 20:47,system-issues,Tuesday,19.0,18.0,20,5.0,1904.0
6923.0,Student,Fullstack Program,Closed,2021-05-18 19:25:00,20-05-2021 11:31,19-05-2021 01:26,fullstack-phase-4,Tuesday,19.0,18.0,20,5.0,1904.0
6936.0,Working Professionals,Backend Program,Closed,2021-05-18 21:11:00,19-05-2021 11:15,18-05-2021 21:24,backend-phase1,Tuesday,21.0,18.0,20,5.0,1904.0
6898.0,Student,Fullstack Program,Closed,2021-05-18 19:15:00,20-05-2021 23:33,18-05-2021 19:24,fullstack-phase-2,Tuesday,19.0,18.0,20,5.0,1904.0
6905.0,Student,Fullstack Program,Closed,2021-05-18 19:16:00,20-05-2021 15:16,19-05-2021 17:16,fullstack-phase-2,Tuesday,19.0,18.0,20,5.0,1904.0
6918.0,Student,Fullstack Program,Closed,2021-05-18 19:24:00,19-05-2021 10:12,18-05-2021 19:25,fullstack-phase-1,Tuesday,19.0,18.0,20,5.0,1904.0
6920.0,Working Professionals,Backend Program,Closed,2021-05-18 19:25:00,18-05-2021 20:34,18-05-2021 19:25,backend-phase1,Tuesday,19.0,18.0,20,5.0,1904.0
6930.0,Student,Fullstack Program,Closed,2021-05-18 19:51:00,19-05-2021 11:14,18-05-2021 20:46,fullstack-phase-2,Tuesday,19.0,18.0,20,5.0,1904.0
6902.0,Working Professionals,Fullstack Program,Closed,2021-05-18 19:15:00,20-05-2021 11:28,19-05-2021 22:05,fullstack-phase-1,Tuesday,19.0,18.0,20,5.0,1904.0
6919.0,Student,Fullstack Program,Resolved,2021-05-18 19:24:00,18-05-2021 21:58,18-05-2021 21:16,fullstack-phase-2,Tuesday,19.0,18.0,20,5.0,1904.0
6922.0,Student,Fullstack Program,Duplicate,2021-05-18 19:25:00,19-05-2021 22:03,,fullstack-phase-2,Tuesday,19.0,18.0,20,5.0,1904.0
6925.0,Student,Fullstack Program,Closed,2021-05-18 19:25:00,18-05-2021 20:33,18-05-2021 20:33,fullstack-phase-2,Tuesday,19.0,18.0,20,5.0,1904.0
6926.0,Student,Fullstack Program,Duplicate,2021-05-18 19:25:00,19-05-2021 11:14,,fullstack-phase-2,Tuesday,19.0,18.0,20,5.0,1904.0
6908.0,Working Professionals,Fullstack Program,Closed,2021-05-18 19:23:00,19-05-2021 22:01,18-05-2021 19:23,fullstack-phase-1,Tuesday,19.0,18.0,20,5.0,1904.0
6909.0,Working Professionals,Fullstack Program,Closed,2021-05-18 19:23:00,19-05-2021 11:11,18-05-2021 21:23,fullstack-phase-1,Tuesday,19.0,18.0,20,5.0,1904.0
6911.0,Working Professionals,Backend Program,Duplicate,2021-05-18 19:23:00,18-05-2021 20:34,,backend-phase1,Tuesday,19.0,18.0,20,5.0,1904.0
6915.0,Working Professionals,Fullstack Program,Closed,2021-05-18 19:24:00,19-05-2021 11:13,18-05-2021 20:50,fullstack-phase-2,Tuesday,19.0,18.0,20,5.0,1904.0
6947.0,Working Professionals,Backend Program,Resolved,2021-05-18 22:31:00,18-05-2021 23:22,18-05-2021 22:41,system-issues,Tuesday,22.0,18.0,20,5.0,1904.0
6928.0,Working Professionals,Backend Program,Closed,2021-05-18 19:39:00,18-05-2021 20:27,18-05-2021 20:06,trial phase,Tuesday,19.0,18.0,20,5.0,1904.0
6954.0,Working Professionals,Fullstack Program,Fullstack,2021-05-18 22:59:00,18-05-2021 23:16,18-05-2021 23:14,fullstack-phase-1,Tuesday,22.0,18.0,20,5.0,1904.0
6956.0,Student,Fullstack Program,Closed,2021-05-18 23:01:00,20-05-2021 11:32,19-05-2021 22:05,fullstack-phase-1,Tuesday,23.0,18.0,20,5.0,1904.0
6937.0,Student,Backend Program,Closed,2021-05-18 21:19:00,18-05-2021 23:43,18-05-2021 21:25,backend-phase2,Tuesday,21.0,18.0,20,5.0,1904.0
6941.0,Working Professionals,Fullstack Program,Closed,2021-05-18 22:10:00,19-05-2021 11:15,19-05-2021 11:15,fullstack-phase-2,Tuesday,22.0,18.0,20,5.0,1904.0
6968.0,Student,Fullstack Program,Closed,2021-05-19 01:42:00,19-05-2021 21:04,19-05-2021 18:18,fullstack-phase-2,Wednesday,1.0,19.0,20,5.0,1904.0
6932.0,Working Professionals,Fullstack Program,Closed,2021-05-18 20:37:00,19-05-2021 11:14,18-05-2021 20:38,fullstack-phase-1,Tuesday,20.0,18.0,20,5.0,1904.0
6933.0,Student,Fellowship Program,Closed,2021-05-18 20:53:00,18-05-2021 23:43,18-05-2021 20:56,system-issues,Tuesday,20.0,18.0,20,5.0,1904.0
6945.0,Working Professionals,Fellowship Program,Closed,2021-05-18 22:22:00,20-05-2021 11:32,19-05-2021 19:07,fullstack-phase-1,Tuesday,22.0,18.0,20,5.0,1904.0
6971.0,Working Professionals,Backend Program,Closed,2021-05-19 02:40:00,19-05-2021 17:24,19-05-2021 08:09,backend-phase2,Wednesday,2.0,19.0,20,5.0,1904.0
6939.0,Working Professionals,Backend Program,Closed,2021-05-18 21:44:00,18-05-2021 23:43,18-05-2021 21:52,backend-phase2,Tuesday,21.0,18.0,20,5.0,1904.0
6942.0,Working Professionals,Backend Program,Deleted,2021-05-18 22:15:00,18-05-2021 22:16,,backend-phase1,Tuesday,22.0,18.0,20,5.0,1904.0
6943.0,Working Professionals,Backend Program,Closed,2021-05-18 22:17:00,19-05-2021 11:15,18-05-2021 22:25,backend-phase1,Tuesday,22.0,18.0,20,5.0,1904.0
6946.0,Working Professionals,Backend Program,Duplicate,2021-05-18 22:31:00,18-05-2021 23:22,,system-issues,Tuesday,22.0,18.0,20,5.0,1904.0
6948.0,Working Professionals,Backend Program,Closed,2021-05-18 22:35:00,18-05-2021 23:23,18-05-2021 23:23,system-issues,Tuesday,22.0,18.0,20,5.0,1904.0
6949.0,Working Professionals,Backend Program,Duplicate,2021-05-18 22:35:00,18-05-2021 23:23,,system-issues,Tuesday,22.0,18.0,20,5.0,1904.0
6951.0,Working Professionals,Fullstack Program,Closed,2021-05-18 22:43:00,18-05-2021 23:17,18-05-2021 23:09,fullstack-phase-1,Tuesday,22.0,18.0,20,5.0,1904.0
6962.0,Working Professionals,Fullstack Program,Closed,2021-05-18 23:43:00,20-05-2021 21:34,19-05-2021 21:26,fullstack-phase-2,Tuesday,23.0,18.0,20,5.0,1904.0
6963.0,Working Professionals,Fullstack Program,Closed,2021-05-18 23:49:00,19-05-2021 11:16,19-05-2021 08:47,fullstack-phase-1,Tuesday,23.0,18.0,20,5.0,1904.0
6966.0,Working Professionals,Fullstack Program,Closed,2021-05-19 00:34:00,19-05-2021 23:04,19-05-2021 10:03,fullstack-phase-1,Wednesday,0.0,19.0,20,5.0,1904.0
6950.0,Student,Fullstack Program,Closed,2021-05-18 22:38:00,20-05-2021 21:34,18-05-2021 23:25,fullstack-phase-2,Tuesday,22.0,18.0,20,5.0,1904.0
6957.0,Student,Fellowship Program,Deleted,2021-05-18 23:04:00,19-05-2021 11:16,,fellowship-phase-1,Tuesday,23.0,18.0,20,5.0,1904.0
6958.0,Student,Fellowship Program,Deleted,2021-05-18 23:05:00,19-05-2021 11:16,,fellowship-phase-1,Tuesday,23.0,18.0,20,5.0,1904.0
6965.0,Working Professionals,Backend Program,Closed,2021-05-19 00:25:00,19-05-2021 23:03,19-05-2021 08:43,backend-phase2,Wednesday,0.0,19.0,20,5.0,1904.0
6977.0,Working Professionals,Backend Program,Closed,2021-05-19 10:19:00,19-05-2021 17:25,19-05-2021 11:22,system-issues,Wednesday,10.0,19.0,20,5.0,1904.0
6980.0,Working Professionals,Backend Program,Closed,2021-05-19 11:23:00,19-05-2021 17:26,19-05-2021 11:46,system-issues,Wednesday,11.0,19.0,20,5.0,1903.0
6999.0,Student,Fullstack Program,Deleted,2021-05-19 12:36:00,19-05-2021 13:33,,fullstack-phase-2,Wednesday,12.0,19.0,20,5.0,1903.0
7003.0,Working Professionals,Fellowship Program,Duplicate,2021-05-19 13:07:00,19-05-2021 17:28,19-05-2021 14:16,fellowship-phase-1,Wednesday,13.0,19.0,20,5.0,1903.0
7013.0,Working Professionals,Fellowship Program,Duplicate,2021-05-19 14:34:00,19-05-2021 17:29,19-05-2021 14:52,system-issues,Wednesday,14.0,19.0,20,5.0,1903.0
7017.0,Working Professionals,Backend Program,Duplicate,2021-05-19 15:50:00,19-05-2021 22:14,,fullstack-phase-2,Wednesday,15.0,19.0,20,5.0,1903.0
6972.0,Working Professionals,Backend Program,Closed,2021-05-19 08:47:00,19-05-2021 17:24,19-05-2021 11:20,system-issues,Wednesday,8.0,19.0,20,5.0,1904.0
6973.0,Working Professionals,Fullstack Program,Closed,2021-05-19 09:50:00,19-05-2021 11:19,19-05-2021 11:19,fullstack-phase-3,Wednesday,9.0,19.0,20,5.0,1904.0
6975.0,Working Professionals,Fullstack Program,Closed,2021-05-19 09:59:00,19-05-2021 11:19,19-05-2021 10:21,trial phase,Wednesday,9.0,19.0,20,5.0,1904.0
6979.0,Working Professionals,Fullstack Program,Closed,2021-05-19 10:31:00,19-05-2021 17:25,19-05-2021 17:26,fullstack-phase-2,Wednesday,10.0,19.0,20,5.0,1904.0
6986.0,Working Professionals,Fullstack Program,Duplicate,2021-05-19 11:48:00,19-05-2021 22:09,,fullstack-phase-1,Wednesday,11.0,19.0,20,5.0,1903.0
6988.0,Working Professionals,Fullstack Program,Duplicate,2021-05-19 11:54:00,19-05-2021 22:09,,fullstack-phase-1,Wednesday,11.0,19.0,20,5.0,1903.0
6976.0,Working Professionals,Fellowship Program,Closed,2021-05-19 10:18:00,19-05-2021 23:04,19-05-2021 12:10,fellowship-phase-1,Wednesday,10.0,19.0,20,5.0,1904.0
6984.0,Working Professionals,Fullstack Program,Duplicate,2021-05-19 11:48:00,19-05-2021 22:07,,fullstack-phase-1,Wednesday,11.0,19.0,20,5.0,1903.0
6994.0,Working Professionals,Backend Program,Deleted,2021-05-19 12:17:00,19-05-2021 12:17,,fullstack-phase-1,Wednesday,12.0,19.0,20,5.0,1903.0
7004.0,Student,Fullstack Program,Closed,2021-05-19 13:11:00,19-05-2021 23:05,19-05-2021 14:04,system-issues,Wednesday,13.0,19.0,20,5.0,1903.0
7006.0,Working Professionals,Backend Program,Closed,2021-05-19 13:30:00,19-05-2021 22:12,19-05-2021 14:18,backend-phase-3,Wednesday,13.0,19.0,20,5.0,1903.0
7041.0,Student,Fullstack Program,Deleted,2021-05-19 18:52:00,19-05-2021 20:52,,fullstack-phase-2,Wednesday,18.0,19.0,20,5.0,1903.0
6974.0,Working Professionals,Fullstack Program,Closed,2021-05-19 09:54:00,19-05-2021 22:33,19-05-2021 10:02,fullstack-phase-1,Wednesday,9.0,19.0,20,5.0,1904.0
6985.0,Student,Fullstack Program,Closed,2021-05-19 11:48:00,20-05-2021 11:33,19-05-2021 22:08,fullstack-phase-1,Wednesday,11.0,19.0,20,5.0,1903.0
6987.0,Working Professionals,Fullstack Program,Closed,2021-05-19 11:49:00,20-05-2021 21:33,19-05-2021 18:55,fullstack-phase-1,Wednesday,11.0,19.0,20,5.0,1903.0
6989.0,Working Professionals,Fullstack Program,Duplicate,2021-05-19 11:55:00,19-05-2021 22:10,,fullstack-phase-1,Wednesday,11.0,19.0,20,5.0,1903.0
6982.0,Student,Fullstack Program,Re-opened,2021-05-19 11:31:00,-,19-05-2021 21:11,fullstack-phase-2,Wednesday,11.0,19.0,20,5.0,1903.0
6990.0,Working Professionals,Fullstack Program,Duplicate,2021-05-19 11:57:00,19-05-2021 23:05,19-05-2021 18:22,fullstack-phase-1,Wednesday,11.0,19.0,20,5.0,1903.0
6998.0,Student,Backend Program,Closed,2021-05-19 12:23:00,19-05-2021 17:27,19-05-2021 12:32,trial phase,Wednesday,12.0,19.0,20,5.0,1903.0
7005.0,Student,Fellowship Program,Closed,2021-05-19 13:11:00,19-05-2021 23:05,19-05-2021 22:36,fellowship-phase-1,Wednesday,13.0,19.0,20,5.0,1903.0
7008.0,Working Professionals,Backend Program,Deleted,2021-05-19 13:31:00,19-05-2021 22:13,,backend-phase-3,Wednesday,13.0,19.0,20,5.0,1903.0
6978.0,Working Professionals,Backend Program,Closed,2021-05-19 10:22:00,20-05-2021 20:57,19-05-2021 10:27,backend-phase-3,Wednesday,10.0,19.0,20,5.0,1904.0
7009.0,Student,Backend Program,Closed,2021-05-19 13:39:00,20-05-2021 12:38,19-05-2021 14:13,backend-phase1,Wednesday,13.0,19.0,20,5.0,1903.0
7020.0,Student,Fellowship Program,Closed,2021-05-19 16:24:00,19-05-2021 18:03,19-05-2021 18:03,fellowship-phase-1,Wednesday,16.0,19.0,20,5.0,1903.0
7032.0,Working Professionals,Backend Program,Closed,2021-05-19 17:18:00,19-05-2021 17:30,19-05-2021 17:20,backend-phase1,Wednesday,17.0,19.0,20,5.0,1903.0
6995.0,Working Professionals,Backend Program,Closed,2021-05-19 12:18:00,19-05-2021 23:05,19-05-2021 19:40,fullstack-phase-1,Wednesday,12.0,19.0,20,5.0,1903.0
6996.0,Working Professionals,Backend Program,Closed,2021-05-19 12:19:00,19-05-2021 23:05,19-05-2021 14:16,trial phase,Wednesday,12.0,19.0,20,5.0,1903.0
6997.0,Working Professionals,Backend Program,Closed,2021-05-19 12:23:00,19-05-2021 17:27,19-05-2021 12:52,fullstack-phase-1,Wednesday,12.0,19.0,20,5.0,1903.0
7000.0,Student,Fullstack Program,Closed,2021-05-19 12:54:00,19-05-2021 23:05,19-05-2021 18:50,fullstack-phase-1,Wednesday,12.0,19.0,20,5.0,1903.0
7001.0,Working Professionals,Fellowship Program,Closed,2021-05-19 12:58:00,19-05-2021 17:27,19-05-2021 14:19,fellowship-phase-1,Wednesday,12.0,19.0,20,5.0,1903.0
7002.0,Working Professionals,Fellowship Program,Duplicate,2021-05-19 12:58:00,19-05-2021 17:28,,fellowship-phase-1,Wednesday,12.0,19.0,20,5.0,1903.0
7007.0,Student,Backend Program,Deleted,2021-05-19 13:31:00,19-05-2021 13:37,,backend-phase1,Wednesday,13.0,19.0,20,5.0,1903.0
7024.0,Student,Fellowship Program,Deleted,2021-05-19 16:26:00,19-05-2021 17:49,,fellowship-phase-1,Wednesday,16.0,19.0,20,5.0,1903.0
7025.0,Student,Fellowship Program,Deleted,2021-05-19 16:26:00,19-05-2021 17:49,,fellowship-phase-1,Wednesday,16.0,19.0,20,5.0,1903.0
7026.0,Student,Fellowship Program,Deleted,2021-05-19 16:26:00,19-05-2021 17:49,,fellowship-phase-1,Wednesday,16.0,19.0,20,5.0,1903.0
7012.0,Working Professionals,Fellowship Program,Closed,2021-05-19 14:32:00,19-05-2021 19:30,19-05-2021 14:32,system-issues,Wednesday,14.0,19.0,20,5.0,1903.0
7021.0,Student,Fellowship Program,Closed,2021-05-19 16:24:00,19-05-2021 18:03,19-05-2021 18:03,fellowship-phase-1,Wednesday,16.0,19.0,20,5.0,1903.0
7051.0,Working Professionals,Backend Program,Closed,2021-05-19 19:53:00,21-05-2021 11:54,19-05-2021 20:11,backend-phase-3,Wednesday,19.0,19.0,20,5.0,1903.0
7022.0,Student,Fellowship Program,Closed,2021-05-19 16:24:00,19-05-2021 18:03,19-05-2021 18:03,fellowship-phase-1,Wednesday,16.0,19.0,20,5.0,1903.0
7023.0,Student,Fullstack Program,Closed,2021-05-19 16:25:00,20-05-2021 13:30,19-05-2021 23:10,fullstack-phase-4,Wednesday,16.0,19.0,20,5.0,1903.0
7038.0,Working Professionals,Backend Program,Deleted,2021-05-19 18:01:00,19-05-2021 18:07,,system-issues,Wednesday,18.0,19.0,20,5.0,1903.0
7049.0,Working Professionals,Fullstack Program,Deleted,2021-05-19 19:44:00,19-05-2021 19:45,,fullstack-phase-4,Wednesday,19.0,19.0,20,5.0,1903.0
7030.0,Working Professionals,Backend Program,Closed,2021-05-19 17:11:00,19-05-2021 20:39,19-05-2021 20:36,backend-phase1,Wednesday,17.0,19.0,20,5.0,1903.0
7036.0,Working Professionals,Backend Program,Deleted,2021-05-19 18:00:00,19-05-2021 22:15,,system-issues,Wednesday,18.0,19.0,20,5.0,1903.0
7037.0,Student,Fellowship Program,Closed,2021-05-19 18:01:00,19-05-2021 18:02,19-05-2021 18:02,fellowship-phase-1,Wednesday,18.0,19.0,20,5.0,1903.0
7056.0,Working Professionals,Fullstack Program,Closed,2021-05-19 20:13:00,19-05-2021 22:17,19-05-2021 21:13,fullstack-phase-2,Wednesday,20.0,19.0,20,5.0,1903.0
7058.0,Working Professionals,Fullstack Program,Duplicate,2021-05-19 20:17:00,19-05-2021 22:17,,fullstack-phase-2,Wednesday,20.0,19.0,20,5.0,1903.0
7060.0,Student,Fullstack Program,Closed,2021-05-19 21:05:00,19-05-2021 22:18,19-05-2021 21:05,system-issues,Wednesday,21.0,19.0,20,5.0,1903.0
7044.0,Working Professionals,Backend Program,Duplicate,2021-05-19 19:07:00,19-05-2021 22:15,,system-issues,Wednesday,19.0,19.0,20,5.0,1903.0
7072.0,Working Professionals,Fullstack Program,Closed,2021-05-19 23:04:00,21-05-2021 17:54,19-05-2021 23:12,fullstack-phase-2,Wednesday,23.0,19.0,20,5.0,1903.0
7047.0,Student,Fullstack Program,Deleted,2021-05-19 19:42:00,19-05-2021 19:44,,fullstack-phase-4,Wednesday,19.0,19.0,20,5.0,1903.0
7052.0,Working Professionals,Backend Program,Closed,2021-05-19 19:55:00,20-05-2021 13:19,20-05-2021 13:09,system-issues,Wednesday,19.0,19.0,20,5.0,1903.0
7062.0,Working Professionals,Fullstack Program,Closed,2021-05-19 21:29:00,20-05-2021 12:36,20-05-2021 11:37,fullstack-phase-1,Wednesday,21.0,19.0,20,5.0,1903.0
7067.0,Student,Backend Program,Closed,2021-05-19 22:11:00,19-05-2021 22:44,19-05-2021 22:36,backend-phase2,Wednesday,22.0,19.0,20,5.0,1903.0
7068.0,Working Professionals,Backend Program,Deleted,2021-05-19 22:16:00,19-05-2021 22:19,,system-issues,Wednesday,22.0,19.0,20,5.0,1903.0
7059.0,Working Professionals,Fullstack Program,Re-opened,2021-05-19 20:40:00,-,19-05-2021 20:59,fullstack-phase-2,Wednesday,20.0,19.0,20,5.0,1903.0
7070.0,Working Professionals,Fullstack Program,Closed,2021-05-19 22:42:00,20-05-2021 22:39,19-05-2021 23:11,fullstack-phase-2,Wednesday,22.0,19.0,20,5.0,1903.0
7069.0,Working Professionals,Backend Program,Closed,2021-05-19 22:32:00,20-05-2021 11:52,19-05-2021 22:43,system-issues,Wednesday,22.0,19.0,20,5.0,1903.0
7073.0,Working Professionals,Backend Program,Duplicate,2021-05-19 23:26:00,20-05-2021 13:19,20-05-2021 11:49,trial phase,Wednesday,23.0,19.0,20,5.0,1903.0
7066.0,Student,Backend Program,Deleted,2021-05-19 22:08:00,19-05-2021 22:10,,backend-phase2,Wednesday,22.0,19.0,20,5.0,1903.0
7075.0,Working Professionals,Fullstack Program,Closed,2021-05-19 23:42:00,20-05-2021 21:04,20-05-2021 15:26,fullstack-phase-2,Wednesday,23.0,19.0,20,5.0,1903.0
7074.0,Working Professionals,Fellowship Program,Closed,2021-05-19 23:30:00,20-05-2021 12:34,20-05-2021 11:50,fellowship-phase-1,Wednesday,23.0,19.0,20,5.0,1903.0
7080.0,Working Professionals,Fullstack Program,Deleted,2021-05-20 00:51:00,20-05-2021 01:09,,system-issues,Thursday,0.0,20.0,20,5.0,1903.0
7076.0,Working Professionals,Fellowship Program,Closed,2021-05-19 23:56:00,20-05-2021 13:16,20-05-2021 10:00,fellowship-phase-1,Wednesday,23.0,19.0,20,5.0,1903.0
7079.0,Student,Backend Program,Closed,2021-05-20 00:44:00,20-05-2021 21:30,20-05-2021 10:09,backend-phase2,Thursday,0.0,20.0,20,5.0,1903.0
7095.0,Working Professionals,Backend Program,Duplicate,2021-05-20 11:50:00,20-05-2021 12:32,20-05-2021 14:25,backend-phase1,Thursday,11.0,20.0,20,5.0,1902.0
7096.0,Working Professionals,Backend Program,Closed,2021-05-20 11:51:00,21-05-2021 16:57,20-05-2021 11:52,trial phase,Thursday,11.0,20.0,20,5.0,1902.0
7101.0,Working Professionals,Fullstack Program,Closed,2021-05-20 12:10:00,21-05-2021 20:02,20-05-2021 21:42,fullstack-phase-3,Thursday,12.0,20.0,20,5.0,1902.0
7121.0,Working Professionals,Backend Program,Closed,2021-05-20 14:06:00,21-05-2021 17:54,20-05-2021 15:29,fullstack-phase-1,Thursday,14.0,20.0,20,5.0,1902.0
7088.0,Working Professionals,Fullstack Program,Duplicate,2021-05-20 11:20:00,20-05-2021 15:26,,fullstack-phase-2,Thursday,11.0,20.0,20,5.0,1902.0
7103.0,Student,Fullstack Program,Closed,2021-05-20 12:34:00,20-05-2021 13:07,20-05-2021 13:07,fullstack-phase-2,Thursday,12.0,20.0,20,5.0,1902.0
7118.0,Working Professionals,Fullstack Program,Closed,2021-05-20 13:37:00,20-05-2021 21:41,20-05-2021 15:08,fullstack-phase-3,Thursday,13.0,20.0,20,5.0,1902.0
7127.0,Working Professionals,Fullstack Program,Closed,2021-05-20 14:50:00,20-05-2021 15:47,20-05-2021 15:24,system-issues,Thursday,14.0,20.0,20,5.0,1902.0
7089.0,Working Professionals,Fullstack Program,Duplicate,2021-05-20 11:20:00,20-05-2021 12:32,,fullstack-phase-2,Thursday,11.0,20.0,20,5.0,1902.0
7122.0,Working Professionals,Backend Program,Duplicate,2021-05-20 14:07:00,20-05-2021 15:29,,fullstack-phase-1,Thursday,14.0,20.0,20,5.0,1902.0
7125.0,Working Professionals,Fellowship Program,Duplicate,2021-05-20 14:41:00,20-05-2021 15:11,,fellowship-phase-1,Thursday,14.0,20.0,20,5.0,1902.0
7128.0,Working Professionals,Backend Program,Closed,2021-05-20 14:53:00,20-05-2021 15:30,20-05-2021 15:19,system-issues,Thursday,14.0,20.0,20,5.0,1902.0
7129.0,Working Professionals,Backend Program,Deleted,2021-05-20 15:12:00,20-05-2021 15:27,,system-issues,Thursday,15.0,20.0,20,5.0,1902.0
7147.0,Working Professionals,Fullstack Program,Deleted,2021-05-20 19:11:00,20-05-2021 19:11,,fullstack-phase-2,Thursday,19.0,20.0,20,5.0,1902.0
7085.0,Working Professionals,Fellowship Program,Closed,2021-05-20 10:21:00,21-05-2021 13:50,20-05-2021 15:09,fellowship-phase-1,Thursday,10.0,20.0,20,5.0,1903.0
7094.0,Student,Fullstack Program,Closed,2021-05-20 11:50:00,21-05-2021 10:17,20-05-2021 15:26,fullstack-phase-2,Thursday,11.0,20.0,20,5.0,1902.0
7137.0,Student,Fullstack Program,Closed,2021-05-20 16:39:00,21-05-2021 17:54,20-05-2021 20:43,fullstack-phase-2,Thursday,16.0,20.0,20,5.0,1902.0
7148.0,Working Professionals,Fullstack Program,Closed,2021-05-20 19:14:00,20-05-2021 21:18,20-05-2021 21:18,fullstack-phase-2,Thursday,19.0,20.0,20,5.0,1902.0
7164.0,Working Professionals,Backend Program,Duplicate,2021-05-20 21:47:00,20-05-2021 22:46,,system-issues,Thursday,21.0,20.0,20,5.0,1902.0
7166.0,Working Professionals,Fullstack Program,Closed,2021-05-20 21:54:00,20-05-2021 23:50,20-05-2021 23:50,fullstack-phase-2,Thursday,21.0,20.0,20,5.0,1902.0
7091.0,Student,Fullstack Program,Closed,2021-05-20 11:22:00,20-05-2021 13:08,20-05-2021 13:08,fullstack-phase-2,Thursday,11.0,20.0,20,5.0,1902.0
7109.0,Student,Backend Program,Closed,2021-05-20 13:16:00,20-05-2021 14:47,20-05-2021 14:15,trial phase,Thursday,13.0,20.0,20,5.0,1902.0
7115.0,Student,Backend Program,Closed,2021-05-20 13:27:00,21-05-2021 21:46,20-05-2021 14:27,backend-phase2,Thursday,13.0,20.0,20,5.0,1902.0
7120.0,Working Professionals,Fullstack Program,Closed,2021-05-20 13:52:00,20-05-2021 15:12,20-05-2021 14:43,fellowship-phase-1,Thursday,13.0,20.0,20,5.0,1902.0
7092.0,Student,Backend Program,Closed,2021-05-20 11:27:00,20-05-2021 13:14,20-05-2021 11:49,backend-phase2,Thursday,11.0,20.0,20,5.0,1902.0
7116.0,Working Professionals,Fellowship Program,Closed,2021-05-20 13:31:00,21-05-2021 17:42,20-05-2021 15:01,fellowship-phase-1,Thursday,13.0,20.0,20,5.0,1902.0
7149.0,Working Professionals,Backend Program,Waiting for mentor response,2021-05-20 19:33:00,-,20-05-2021 20:09,system-issues,Thursday,19.0,20.0,20,5.0,1902.0
7160.0,Working Professionals,Fullstack Program,Closed,2021-05-20 20:59:00,20-05-2021 22:02,20-05-2021 21:13,fullstack-phase-2,Thursday,20.0,20.0,20,5.0,1902.0
7136.0,Working Professionals,Backend Program,Closed,2021-05-20 16:24:00,20-05-2021 17:40,20-05-2021 17:05,system-issues,Thursday,16.0,20.0,20,5.0,1902.0
7144.0,Student,Fullstack Program,Closed,2021-05-20 18:46:00,20-05-2021 21:44,20-05-2021 19:17,fullstack-phase-2,Thursday,18.0,20.0,20,5.0,1902.0
7150.0,Student,Fellowship Program,Waiting for user response,2021-05-20 19:39:00,-,20-05-2021 20:09,system-issues,Thursday,19.0,20.0,20,5.0,1902.0
7168.0,Working Professionals,Fullstack Program,Duplicate,2021-05-20 21:58:00,20-05-2021 22:38,,fullstack-phase-1,Thursday,21.0,20.0,20,5.0,1902.0
7175.0,Working Professionals,Backend Program,Deleted,2021-05-20 23:28:00,20-05-2021 23:30,,backend-phase2,Thursday,23.0,20.0,20,5.0,1902.0
7131.0,Student,Backend Program,Closed,2021-05-20 15:48:00,20-05-2021 19:49,20-05-2021 17:03,backend-phase2,Thursday,15.0,20.0,20,5.0,1902.0
7151.0,Working Professionals,Fullstack Program,Deleted,2021-05-20 19:57:00,20-05-2021 20:02,,fullstack-phase-1,Thursday,19.0,20.0,20,5.0,1902.0
7162.0,Working Professionals,Fullstack Program,Closed,2021-05-20 21:38:00,20-05-2021 23:34,20-05-2021 21:48,fullstack-phase-2,Thursday,21.0,20.0,20,5.0,1902.0
7157.0,Working Professionals,Fullstack Program,Closed,2021-05-20 20:24:00,21-05-2021 17:49,20-05-2021 20:56,fullstack-phase-2,Thursday,20.0,20.0,20,5.0,1902.0
7172.0,Working Professionals,Fellowship Program,Waiting for user response,2021-05-20 23:11:00,-,21-05-2021 11:19,fellowship-phase-1,Thursday,23.0,20.0,20,5.0,1902.0
7169.0,Working Professionals,Fellowship Program,Waiting for user response,2021-05-20 22:21:00,-,20-05-2021 23:00,fullstack-phase-1,Thursday,22.0,20.0,20,5.0,1902.0
7173.0,Working Professionals,Backend Program,Deleted,2021-05-20 23:26:00,20-05-2021 23:26,,backend-phase1,Thursday,23.0,20.0,20,5.0,1902.0
7153.0,Working Professionals,Fullstack Program,Closed,2021-05-20 20:02:00,20-05-2021 20:39,20-05-2021 20:11,fullstack-phase-2,Thursday,20.0,20.0,20,5.0,1902.0
7154.0,Student,Fullstack Program,Closed,2021-05-20 20:13:00,20-05-2021 21:33,20-05-2021 20:14,fullstack-phase-2,Thursday,20.0,20.0,20,5.0,1902.0
7158.0,Working Professionals,Fullstack Program,Closed,2021-05-20 20:50:00,21-05-2021 20:02,,fullstack-phase-2,Thursday,20.0,20.0,20,5.0,1902.0
7161.0,Working Professionals,Fullstack Program,Closed,2021-05-20 21:03:00,21-05-2021 10:29,20-05-2021 21:50,system-issues,Thursday,21.0,20.0,20,5.0,1902.0
7163.0,Working Professionals,Backend Program,Closed,2021-05-20 21:46:00,22-05-2021 09:11,20-05-2021 21:49,system-issues,Thursday,21.0,20.0,20,5.0,1902.0
7167.0,Working Professionals,Fullstack Program,Closed,2021-05-20 21:57:00,20-05-2021 22:57,20-05-2021 22:56,fullstack-phase-1,Thursday,21.0,20.0,20,5.0,1902.0
7171.0,Working Professionals,Fullstack Program,Open,2021-05-20 23:10:00,-,,fullstack-phase-2,Thursday,23.0,20.0,20,5.0,1902.0
7177.0,Student,Backend Program,Deleted,2021-05-20 23:39:00,20-05-2021 23:57,,backend-phase1,Thursday,23.0,20.0,20,5.0,1902.0
7165.0,Working Professionals,Backend Program,Duplicate,2021-05-20 21:52:00,21-05-2021 22:35,20-05-2021 22:41,fullstack-phase-2,Thursday,21.0,20.0,20,5.0,1902.0
,,,,,,,,,,,,,
,,,,,,,,,,,,,
,,,,,,,,,,,,,
,,,,,,,,,,,,,
,,,,,,,,,,,,,
